order,final_rows,final_pairs,ambiguous,type_C-C,type_C-T,type_C-M,type_T-T,type_T-C,type_T-M,type_M-M,type_M-C,type_M-T
valid ↁEmode ↁElane ↁEcutoff ↁEduration ↁEaccel,618649,810,TRUE,749,34,0,3,24,0,0,0,0
valid ↁEmode ↁEcutoff ↁEduration ↁEaccel ↁElane,618649,810,TRUE,749,34,0,3,24,0,0,0,0
valid ↁEmode ↁEcutoff ↁEduration ↁElane ↁEaccel,618649,810,TRUE,749,34,0,3,24,0,0,0,0
cutoff ↁEmode ↁEduration ↁEaccel ↁElane ↁEvalid,618649,810,TRUE,749,34,0,3,24,0,0,0,0
cutoff ↁEmode ↁEduration ↁEaccel ↁEvalid ↁElane,618649,810,TRUE,749,34,0,3,24,0,0,0,0
valid ↁEmode ↁEcutoff ↁElane ↁEduration ↁEaccel,618649,810,TRUE,749,34,0,3,24,0,0,0,0
cutoff ↁElane ↁEvalid ↁEduration ↁEmode ↁEaccel,618649,810,TRUE,749,34,0,3,24,0,0,0,0
cutoff ↁElane ↁEvalid ↁEmode ↁEduration ↁEaccel,618649,810,TRUE,749,34,0,3,24,0,0,0,0
cutoff ↁEvalid ↁEduration ↁEaccel ↁEmode ↁElane,618649,810,TRUE,749,34,0,3,24,0,0,0,0
cutoff ↁEvalid ↁEduration ↁEaccel ↁElane ↁEmode,618649,810,TRUE,749,34,0,3,24,0,0,0,0
valid ↁEcutoff ↁEmode ↁElane ↁEduration ↁEaccel,618649,810,TRUE,749,34,0,3,24,0,0,0,0
valid ↁEcutoff ↁElane ↁEduration ↁEaccel ↁEmode,618649,810,TRUE,749,34,0,3,24,0,0,0,0
valid ↁEcutoff ↁElane ↁEduration ↁEmode ↁEaccel,618649,810,TRUE,749,34,0,3,24,0,0,0,0
valid ↁEcutoff ↁElane ↁEmode ↁEduration ↁEaccel,618649,810,TRUE,749,34,0,3,24,0,0,0,0
cutoff ↁElane ↁEduration ↁEaccel ↁEmode ↁEvalid,618649,810,TRUE,749,34,0,3,24,0,0,0,0
cutoff ↁElane ↁEduration ↁEaccel ↁEvalid ↁEmode,618649,810,TRUE,749,34,0,3,24,0,0,0,0
cutoff ↁElane ↁEduration ↁEmode ↁEaccel ↁEvalid,618649,810,TRUE,749,34,0,3,24,0,0,0,0
cutoff ↁElane ↁEduration ↁEmode ↁEvalid ↁEaccel,618649,810,TRUE,749,34,0,3,24,0,0,0,0
cutoff ↁElane ↁEduration ↁEvalid ↁEaccel ↁEmode,618649,810,TRUE,749,34,0,3,24,0,0,0,0
cutoff ↁElane ↁEduration ↁEvalid ↁEmode ↁEaccel,618649,810,TRUE,749,34,0,3,24,0,0,0,0
cutoff ↁElane ↁEmode ↁEduration ↁEaccel ↁEvalid,618649,810,TRUE,749,34,0,3,24,0,0,0,0
cutoff ↁElane ↁEmode ↁEduration ↁEvalid ↁEaccel,618649,810,TRUE,749,34,0,3,24,0,0,0,0
cutoff ↁEmode ↁEduration ↁElane ↁEaccel ↁEvalid,618649,810,TRUE,749,34,0,3,24,0,0,0,0
cutoff ↁEmode ↁEduration ↁElane ↁEvalid ↁEaccel,618649,810,TRUE,749,34,0,3,24,0,0,0,0
cutoff ↁEmode ↁEduration ↁEvalid ↁEaccel ↁElane,618649,810,TRUE,749,34,0,3,24,0,0,0,0
cutoff ↁEmode ↁEduration ↁEvalid ↁElane ↁEaccel,618649,810,TRUE,749,34,0,3,24,0,0,0,0
cutoff ↁEmode ↁElane ↁEduration ↁEaccel ↁEvalid,618649,810,TRUE,749,34,0,3,24,0,0,0,0
cutoff ↁEmode ↁElane ↁEduration ↁEvalid ↁEaccel,618649,810,TRUE,749,34,0,3,24,0,0,0,0
cutoff ↁEmode ↁElane ↁEvalid ↁEduration ↁEaccel,618649,810,TRUE,749,34,0,3,24,0,0,0,0
cutoff ↁEmode ↁEvalid ↁEduration ↁEaccel ↁElane,618649,810,TRUE,749,34,0,3,24,0,0,0,0
cutoff ↁEmode ↁEvalid ↁEduration ↁElane ↁEaccel,618649,810,TRUE,749,34,0,3,24,0,0,0,0
cutoff ↁEmode ↁEvalid ↁElane ↁEduration ↁEaccel,618649,810,TRUE,749,34,0,3,24,0,0,0,0
cutoff ↁEvalid ↁElane ↁEmode ↁEduration ↁEaccel,618649,810,TRUE,749,34,0,3,24,0,0,0,0
cutoff ↁEvalid ↁElane ↁEduration ↁEmode ↁEaccel,618649,810,TRUE,749,34,0,3,24,0,0,0,0
cutoff ↁElane ↁEvalid ↁEduration ↁEaccel ↁEmode,618649,810,TRUE,749,34,0,3,24,0,0,0,0
cutoff ↁElane ↁEmode ↁEvalid ↁEduration ↁEaccel,618649,810,TRUE,749,34,0,3,24,0,0,0,0
cutoff ↁEvalid ↁElane ↁEduration ↁEaccel ↁEmode,618649,810,TRUE,749,34,0,3,24,0,0,0,0
cutoff ↁEvalid ↁEmode ↁElane ↁEduration ↁEaccel,618649,810,TRUE,749,34,0,3,24,0,0,0,0
mode ↁElane ↁEcutoff ↁEduration ↁEvalid ↁEaccel,618649,810,TRUE,749,34,0,3,24,0,0,0,0
mode ↁElane ↁEcutoff ↁEvalid ↁEduration ↁEaccel,618649,810,TRUE,749,34,0,3,24,0,0,0,0
mode ↁEcutoff ↁEvalid ↁElane ↁEduration ↁEaccel,618649,810,TRUE,749,34,0,3,24,0,0,0,0
mode ↁEcutoff ↁEvalid ↁEduration ↁElane ↁEaccel,618649,810,TRUE,749,34,0,3,24,0,0,0,0
mode ↁEcutoff ↁEduration ↁEaccel ↁElane ↁEvalid,618649,810,TRUE,749,34,0,3,24,0,0,0,0
mode ↁEcutoff ↁEduration ↁEaccel ↁEvalid ↁElane,618649,810,TRUE,749,34,0,3,24,0,0,0,0
mode ↁEcutoff ↁEduration ↁElane ↁEaccel ↁEvalid,618649,810,TRUE,749,34,0,3,24,0,0,0,0
mode ↁEcutoff ↁEduration ↁElane ↁEvalid ↁEaccel,618649,810,TRUE,749,34,0,3,24,0,0,0,0
mode ↁEcutoff ↁEduration ↁEvalid ↁEaccel ↁElane,618649,810,TRUE,749,34,0,3,24,0,0,0,0
mode ↁEcutoff ↁEduration ↁEvalid ↁElane ↁEaccel,618649,810,TRUE,749,34,0,3,24,0,0,0,0
mode ↁEcutoff ↁElane ↁEduration ↁEaccel ↁEvalid,618649,810,TRUE,749,34,0,3,24,0,0,0,0
mode ↁEcutoff ↁElane ↁEduration ↁEvalid ↁEaccel,618649,810,TRUE,749,34,0,3,24,0,0,0,0
valid ↁEcutoff ↁEduration ↁEaccel ↁEmode ↁElane,618649,810,TRUE,749,34,0,3,24,0,0,0,0
valid ↁEcutoff ↁEduration ↁEaccel ↁElane ↁEmode,618649,810,TRUE,749,34,0,3,24,0,0,0,0
valid ↁEcutoff ↁEduration ↁEmode ↁEaccel ↁElane,618649,810,TRUE,749,34,0,3,24,0,0,0,0
valid ↁEcutoff ↁEduration ↁEmode ↁElane ↁEaccel,618649,810,TRUE,749,34,0,3,24,0,0,0,0
valid ↁEcutoff ↁEduration ↁElane ↁEaccel ↁEmode,618649,810,TRUE,749,34,0,3,24,0,0,0,0
valid ↁEcutoff ↁEduration ↁElane ↁEmode ↁEaccel,618649,810,TRUE,749,34,0,3,24,0,0,0,0
valid ↁEcutoff ↁEmode ↁEduration ↁEaccel ↁElane,618649,810,TRUE,749,34,0,3,24,0,0,0,0
valid ↁEcutoff ↁEmode ↁEduration ↁElane ↁEaccel,618649,810,TRUE,749,34,0,3,24,0,0,0,0
cutoff ↁEvalid ↁEduration ↁEmode ↁEaccel ↁElane,618649,810,TRUE,749,34,0,3,24,0,0,0,0
cutoff ↁEvalid ↁEduration ↁEmode ↁElane ↁEaccel,618649,810,TRUE,749,34,0,3,24,0,0,0,0
cutoff ↁEvalid ↁEduration ↁElane ↁEaccel ↁEmode,618649,810,TRUE,749,34,0,3,24,0,0,0,0
cutoff ↁEvalid ↁEduration ↁElane ↁEmode ↁEaccel,618649,810,TRUE,749,34,0,3,24,0,0,0,0
cutoff ↁEvalid ↁEmode ↁEduration ↁEaccel ↁElane,618649,810,TRUE,749,34,0,3,24,0,0,0,0
cutoff ↁEvalid ↁEmode ↁEduration ↁElane ↁEaccel,618649,810,TRUE,749,34,0,3,24,0,0,0,0
lane ↁEcutoff ↁEvalid ↁEduration ↁEmode ↁEaccel,618649,810,TRUE,749,34,0,3,24,0,0,0,0
lane ↁEcutoff ↁEvalid ↁEmode ↁEduration ↁEaccel,618649,810,TRUE,749,34,0,3,24,0,0,0,0
mode ↁEvalid ↁEcutoff ↁEduration ↁElane ↁEaccel,618649,810,TRUE,749,34,0,3,24,0,0,0,0
mode ↁEvalid ↁEcutoff ↁElane ↁEduration ↁEaccel,618649,810,TRUE,749,34,0,3,24,0,0,0,0
mode ↁEvalid ↁEcutoff ↁEduration ↁEaccel ↁElane,618649,810,TRUE,749,34,0,3,24,0,0,0,0
lane ↁEcutoff ↁEvalid ↁEduration ↁEaccel ↁEmode,618649,810,TRUE,749,34,0,3,24,0,0,0,0
lane ↁEcutoff ↁEmode ↁEduration ↁEaccel ↁEvalid,618649,810,TRUE,749,34,0,3,24,0,0,0,0
lane ↁEcutoff ↁEmode ↁEduration ↁEvalid ↁEaccel,618649,810,TRUE,749,34,0,3,24,0,0,0,0
lane ↁEcutoff ↁEduration ↁEaccel ↁEmode ↁEvalid,618649,810,TRUE,749,34,0,3,24,0,0,0,0
lane ↁEvalid ↁEcutoff ↁEduration ↁEaccel ↁEmode,618649,810,TRUE,749,34,0,3,24,0,0,0,0
lane ↁEcutoff ↁEmode ↁEvalid ↁEduration ↁEaccel,618649,810,TRUE,749,34,0,3,24,0,0,0,0
lane ↁEcutoff ↁEduration ↁEaccel ↁEvalid ↁEmode,618649,810,TRUE,749,34,0,3,24,0,0,0,0
lane ↁEvalid ↁEcutoff ↁEduration ↁEmode ↁEaccel,618649,810,TRUE,749,34,0,3,24,0,0,0,0
lane ↁEvalid ↁEcutoff ↁEmode ↁEduration ↁEaccel,618649,810,TRUE,749,34,0,3,24,0,0,0,0
mode ↁEvalid ↁElane ↁEcutoff ↁEduration ↁEaccel,618649,810,TRUE,749,34,0,3,24,0,0,0,0
lane ↁEvalid ↁEmode ↁEcutoff ↁEduration ↁEaccel,618649,810,TRUE,749,34,0,3,24,0,0,0,0
mode ↁElane ↁEcutoff ↁEduration ↁEaccel ↁEvalid,618649,810,TRUE,749,34,0,3,24,0,0,0,0
mode ↁElane ↁEvalid ↁEcutoff ↁEduration ↁEaccel,618649,810,TRUE,749,34,0,3,24,0,0,0,0
mode ↁEcutoff ↁEvalid ↁEduration ↁEaccel ↁElane,618649,810,TRUE,749,34,0,3,24,0,0,0,0
mode ↁEcutoff ↁElane ↁEvalid ↁEduration ↁEaccel,618649,810,TRUE,749,34,0,3,24,0,0,0,0
valid ↁElane ↁEcutoff ↁEduration ↁEaccel ↁEmode,618649,810,TRUE,749,34,0,3,24,0,0,0,0
valid ↁElane ↁEcutoff ↁEduration ↁEmode ↁEaccel,618649,810,TRUE,749,34,0,3,24,0,0,0,0
valid ↁElane ↁEcutoff ↁEmode ↁEduration ↁEaccel,618649,810,TRUE,749,34,0,3,24,0,0,0,0
valid ↁElane ↁEmode ↁEcutoff ↁEduration ↁEaccel,618649,810,TRUE,749,34,0,3,24,0,0,0,0
lane ↁEmode ↁEcutoff ↁEduration ↁEaccel ↁEvalid,618649,810,TRUE,749,34,0,3,24,0,0,0,0
lane ↁEmode ↁEcutoff ↁEduration ↁEvalid ↁEaccel,618649,810,TRUE,749,34,0,3,24,0,0,0,0
lane ↁEmode ↁEcutoff ↁEvalid ↁEduration ↁEaccel,618649,810,TRUE,749,34,0,3,24,0,0,0,0
lane ↁEmode ↁEvalid ↁEcutoff ↁEduration ↁEaccel,618649,810,TRUE,749,34,0,3,24,0,0,0,0
lane ↁEcutoff ↁEduration ↁEmode ↁEaccel ↁEvalid,618649,810,TRUE,749,34,0,3,24,0,0,0,0
lane ↁEcutoff ↁEduration ↁEmode ↁEvalid ↁEaccel,618649,810,TRUE,749,34,0,3,24,0,0,0,0
lane ↁEcutoff ↁEduration ↁEvalid ↁEaccel ↁEmode,618649,810,TRUE,749,34,0,3,24,0,0,0,0
lane ↁEcutoff ↁEduration ↁEvalid ↁEmode ↁEaccel,618649,810,TRUE,749,34,0,3,24,0,0,0,0
accel ↁElane ↁEcutoff ↁEduration ↁEvalid ↁEmode,622131,812,TRUE,749,36,0,3,24,0,0,0,0
accel ↁElane ↁEcutoff ↁEmode ↁEduration ↁEvalid,622131,812,TRUE,749,36,0,3,24,0,0,0,0
accel ↁElane ↁEcutoff ↁEmode ↁEvalid ↁEduration,622131,812,TRUE,749,36,0,3,24,0,0,0,0
accel ↁElane ↁEcutoff ↁEvalid ↁEduration ↁEmode,622131,812,TRUE,749,36,0,3,24,0,0,0,0
accel ↁElane ↁEcutoff ↁEvalid ↁEmode ↁEduration,622131,812,TRUE,749,36,0,3,24,0,0,0,0
accel ↁElane ↁEvalid ↁEcutoff ↁEduration ↁEmode,622131,812,TRUE,749,36,0,3,24,0,0,0,0
valid ↁElane ↁEaccel ↁEcutoff ↁEduration ↁEmode,622131,812,TRUE,749,36,0,3,24,0,0,0,0
valid ↁElane ↁEaccel ↁEcutoff ↁEmode ↁEduration,622131,812,TRUE,749,36,0,3,24,0,0,0,0
accel ↁEcutoff ↁEvalid ↁEduration ↁEmode ↁElane,622131,812,TRUE,749,36,0,3,24,0,0,0,0
accel ↁEcutoff ↁElane ↁEvalid ↁEmode ↁEduration,622131,812,TRUE,749,36,0,3,24,0,0,0,0
accel ↁEcutoff ↁElane ↁEvalid ↁEduration ↁEmode,622131,812,TRUE,749,36,0,3,24,0,0,0,0
accel ↁEcutoff ↁEvalid ↁElane ↁEmode ↁEduration,622131,812,TRUE,749,36,0,3,24,0,0,0,0
accel ↁEcutoff ↁEvalid ↁElane ↁEduration ↁEmode,622131,812,TRUE,749,36,0,3,24,0,0,0,0
accel ↁEcutoff ↁEvalid ↁEmode ↁElane ↁEduration,622131,812,TRUE,749,36,0,3,24,0,0,0,0
valid ↁEaccel ↁElane ↁEcutoff ↁEmode ↁEduration,622131,812,TRUE,749,36,0,3,24,0,0,0,0
valid ↁEaccel ↁElane ↁEcutoff ↁEduration ↁEmode,622131,812,TRUE,749,36,0,3,24,0,0,0,0
lane ↁEaccel ↁEcutoff ↁEduration ↁEvalid ↁEmode,622131,812,TRUE,749,36,0,3,24,0,0,0,0
lane ↁEaccel ↁEcutoff ↁEmode ↁEduration ↁEvalid,622131,812,TRUE,749,36,0,3,24,0,0,0,0
lane ↁEaccel ↁEcutoff ↁEmode ↁEvalid ↁEduration,622131,812,TRUE,749,36,0,3,24,0,0,0,0
lane ↁEaccel ↁEcutoff ↁEvalid ↁEduration ↁEmode,622131,812,TRUE,749,36,0,3,24,0,0,0,0
accel ↁEvalid ↁEcutoff ↁElane ↁEduration ↁEmode,622131,812,TRUE,749,36,0,3,24,0,0,0,0
accel ↁEvalid ↁEcutoff ↁElane ↁEmode ↁEduration,622131,812,TRUE,749,36,0,3,24,0,0,0,0
accel ↁElane ↁEvalid ↁEcutoff ↁEmode ↁEduration,622131,812,TRUE,749,36,0,3,24,0,0,0,0
accel ↁElane ↁEcutoff ↁEduration ↁEmode ↁEvalid,622131,812,TRUE,749,36,0,3,24,0,0,0,0
accel ↁEvalid ↁElane ↁEcutoff ↁEduration ↁEmode,622131,812,TRUE,749,36,0,3,24,0,0,0,0
accel ↁEvalid ↁElane ↁEcutoff ↁEmode ↁEduration,622131,812,TRUE,749,36,0,3,24,0,0,0,0
accel ↁEvalid ↁEcutoff ↁEmode ↁElane ↁEduration,622131,812,TRUE,749,36,0,3,24,0,0,0,0
accel ↁEvalid ↁEcutoff ↁEmode ↁEduration ↁElane,622131,812,TRUE,749,36,0,3,24,0,0,0,0
accel ↁEvalid ↁEcutoff ↁEduration ↁEmode ↁElane,622131,812,TRUE,749,36,0,3,24,0,0,0,0
accel ↁEvalid ↁEcutoff ↁEduration ↁElane ↁEmode,622131,812,TRUE,749,36,0,3,24,0,0,0,0
accel ↁEcutoff ↁEvalid ↁEmode ↁEduration ↁElane,622131,812,TRUE,749,36,0,3,24,0,0,0,0
accel ↁEcutoff ↁEvalid ↁEduration ↁElane ↁEmode,622131,812,TRUE,749,36,0,3,24,0,0,0,0
lane ↁEaccel ↁEvalid ↁEcutoff ↁEduration ↁEmode,622131,812,TRUE,749,36,0,3,24,0,0,0,0
lane ↁEaccel ↁEvalid ↁEcutoff ↁEmode ↁEduration,622131,812,TRUE,749,36,0,3,24,0,0,0,0
lane ↁEvalid ↁEaccel ↁEcutoff ↁEduration ↁEmode,622131,812,TRUE,749,36,0,3,24,0,0,0,0
lane ↁEvalid ↁEaccel ↁEcutoff ↁEmode ↁEduration,622131,812,TRUE,749,36,0,3,24,0,0,0,0
lane ↁEaccel ↁEcutoff ↁEduration ↁEmode ↁEvalid,622131,812,TRUE,749,36,0,3,24,0,0,0,0
valid ↁEaccel ↁEcutoff ↁEmode ↁEduration ↁElane,622131,812,TRUE,749,36,0,3,24,0,0,0,0
valid ↁEaccel ↁEcutoff ↁElane ↁEmode ↁEduration,622131,812,TRUE,749,36,0,3,24,0,0,0,0
valid ↁEaccel ↁEcutoff ↁElane ↁEduration ↁEmode,622131,812,TRUE,749,36,0,3,24,0,0,0,0
valid ↁEaccel ↁEcutoff ↁEduration ↁElane ↁEmode,622131,812,TRUE,749,36,0,3,24,0,0,0,0
valid ↁEaccel ↁEcutoff ↁEduration ↁEmode ↁElane,622131,812,TRUE,749,36,0,3,24,0,0,0,0
valid ↁEaccel ↁEcutoff ↁEmode ↁElane ↁEduration,622131,812,TRUE,749,36,0,3,24,0,0,0,0
lane ↁEaccel ↁEcutoff ↁEvalid ↁEmode ↁEduration,622131,812,TRUE,749,36,0,3,24,0,0,0,0
accel ↁEcutoff ↁElane ↁEmode ↁEvalid ↁEduration,622131,812,TRUE,749,36,0,3,24,0,0,0,0
accel ↁEcutoff ↁElane ↁEmode ↁEduration ↁEvalid,622131,812,TRUE,749,36,0,3,24,0,0,0,0
accel ↁEcutoff ↁElane ↁEduration ↁEvalid ↁEmode,622131,812,TRUE,749,36,0,3,24,0,0,0,0
accel ↁEcutoff ↁElane ↁEduration ↁEmode ↁEvalid,622131,812,TRUE,749,36,0,3,24,0,0,0,0
accel ↁEcutoff ↁEmode ↁEvalid ↁElane ↁEduration,622131,812,TRUE,749,36,0,3,24,0,0,0,0
accel ↁEcutoff ↁEmode ↁEvalid ↁEduration ↁElane,622131,812,TRUE,749,36,0,3,24,0,0,0,0
accel ↁEcutoff ↁEmode ↁElane ↁEvalid ↁEduration,622131,812,TRUE,749,36,0,3,24,0,0,0,0
accel ↁEcutoff ↁEmode ↁElane ↁEduration ↁEvalid,622131,812,TRUE,749,36,0,3,24,0,0,0,0
accel ↁEcutoff ↁEmode ↁEduration ↁEvalid ↁElane,622131,812,TRUE,749,36,0,3,24,0,0,0,0
accel ↁEcutoff ↁEmode ↁEduration ↁElane ↁEvalid,622131,812,TRUE,749,36,0,3,24,0,0,0,0
accel ↁEcutoff ↁEduration ↁEvalid ↁElane ↁEmode,622131,812,TRUE,749,36,0,3,24,0,0,0,0
accel ↁEcutoff ↁEduration ↁEvalid ↁEmode ↁElane,622131,812,TRUE,749,36,0,3,24,0,0,0,0
accel ↁEcutoff ↁEduration ↁElane ↁEvalid ↁEmode,622131,812,TRUE,749,36,0,3,24,0,0,0,0
accel ↁEcutoff ↁEduration ↁElane ↁEmode ↁEvalid,622131,812,TRUE,749,36,0,3,24,0,0,0,0
accel ↁEcutoff ↁEduration ↁEmode ↁEvalid ↁElane,622131,812,TRUE,749,36,0,3,24,0,0,0,0
accel ↁEcutoff ↁEduration ↁEmode ↁElane ↁEvalid,622131,812,TRUE,749,36,0,3,24,0,0,0,0
valid ↁElane ↁEaccel ↁEmode ↁEcutoff ↁEduration,624875,815,TRUE,752,36,0,3,24,0,0,0,0
valid ↁEmode ↁElane ↁEaccel ↁEcutoff ↁEduration,624875,815,TRUE,752,36,0,3,24,0,0,0,0
lane ↁEmode ↁEaccel ↁEcutoff ↁEduration ↁEvalid,624875,815,TRUE,752,36,0,3,24,0,0,0,0
accel ↁEmode ↁEcutoff ↁElane ↁEvalid ↁEduration,624875,815,TRUE,752,36,0,3,24,0,0,0,0
accel ↁEmode ↁEcutoff ↁEvalid ↁEduration ↁElane,624875,815,TRUE,752,36,0,3,24,0,0,0,0
accel ↁEmode ↁEcutoff ↁEvalid ↁElane ↁEduration,624875,815,TRUE,752,36,0,3,24,0,0,0,0
accel ↁEmode ↁElane ↁEcutoff ↁEduration ↁEvalid,624875,815,TRUE,752,36,0,3,24,0,0,0,0
accel ↁEmode ↁElane ↁEcutoff ↁEvalid ↁEduration,624875,815,TRUE,752,36,0,3,24,0,0,0,0
accel ↁEmode ↁElane ↁEvalid ↁEcutoff ↁEduration,624875,815,TRUE,752,36,0,3,24,0,0,0,0
accel ↁEmode ↁEvalid ↁEcutoff ↁEduration ↁElane,624875,815,TRUE,752,36,0,3,24,0,0,0,0
accel ↁEmode ↁEvalid ↁEcutoff ↁElane ↁEduration,624875,815,TRUE,752,36,0,3,24,0,0,0,0
mode ↁEaccel ↁEcutoff ↁEduration ↁElane ↁEvalid,624875,815,TRUE,752,36,0,3,24,0,0,0,0
mode ↁEaccel ↁEcutoff ↁEduration ↁEvalid ↁElane,624875,815,TRUE,752,36,0,3,24,0,0,0,0
mode ↁEaccel ↁEcutoff ↁElane ↁEduration ↁEvalid,624875,815,TRUE,752,36,0,3,24,0,0,0,0
mode ↁEaccel ↁEcutoff ↁElane ↁEvalid ↁEduration,624875,815,TRUE,752,36,0,3,24,0,0,0,0
mode ↁEaccel ↁEcutoff ↁEvalid ↁEduration ↁElane,624875,815,TRUE,752,36,0,3,24,0,0,0,0
mode ↁEaccel ↁEcutoff ↁEvalid ↁElane ↁEduration,624875,815,TRUE,752,36,0,3,24,0,0,0,0
mode ↁEaccel ↁElane ↁEcutoff ↁEduration ↁEvalid,624875,815,TRUE,752,36,0,3,24,0,0,0,0
mode ↁEaccel ↁElane ↁEcutoff ↁEvalid ↁEduration,624875,815,TRUE,752,36,0,3,24,0,0,0,0
mode ↁEaccel ↁElane ↁEvalid ↁEcutoff ↁEduration,624875,815,TRUE,752,36,0,3,24,0,0,0,0
mode ↁEaccel ↁEvalid ↁEcutoff ↁEduration ↁElane,624875,815,TRUE,752,36,0,3,24,0,0,0,0
mode ↁEaccel ↁEvalid ↁEcutoff ↁElane ↁEduration,624875,815,TRUE,752,36,0,3,24,0,0,0,0
mode ↁEaccel ↁEvalid ↁElane ↁEcutoff ↁEduration,624875,815,TRUE,752,36,0,3,24,0,0,0,0
accel ↁEmode ↁEvalid ↁElane ↁEcutoff ↁEduration,624875,815,TRUE,752,36,0,3,24,0,0,0,0
accel ↁEmode ↁEcutoff ↁEduration ↁElane ↁEvalid,624875,815,TRUE,752,36,0,3,24,0,0,0,0
accel ↁEmode ↁEcutoff ↁEduration ↁEvalid ↁElane,624875,815,TRUE,752,36,0,3,24,0,0,0,0
accel ↁEmode ↁEcutoff ↁElane ↁEduration ↁEvalid,624875,815,TRUE,752,36,0,3,24,0,0,0,0
lane ↁEmode ↁEvalid ↁEaccel ↁEcutoff ↁEduration,624875,815,TRUE,752,36,0,3,24,0,0,0,0
lane ↁEaccel ↁEmode ↁEvalid ↁEcutoff ↁEduration,624875,815,TRUE,752,36,0,3,24,0,0,0,0
valid ↁEaccel ↁEmode ↁElane ↁEcutoff ↁEduration,624875,815,TRUE,752,36,0,3,24,0,0,0,0
valid ↁEaccel ↁElane ↁEmode ↁEcutoff ↁEduration,624875,815,TRUE,752,36,0,3,24,0,0,0,0
valid ↁEaccel ↁEmode ↁEcutoff ↁEduration ↁElane,624875,815,TRUE,752,36,0,3,24,0,0,0,0
valid ↁEaccel ↁEmode ↁEcutoff ↁElane ↁEduration,624875,815,TRUE,752,36,0,3,24,0,0,0,0
mode ↁElane ↁEaccel ↁEcutoff ↁEduration ↁEvalid,624875,815,TRUE,752,36,0,3,24,0,0,0,0
mode ↁElane ↁEaccel ↁEcutoff ↁEvalid ↁEduration,624875,815,TRUE,752,36,0,3,24,0,0,0,0
mode ↁElane ↁEaccel ↁEvalid ↁEcutoff ↁEduration,624875,815,TRUE,752,36,0,3,24,0,0,0,0
lane ↁEaccel ↁEvalid ↁEmode ↁEcutoff ↁEduration,624875,815,TRUE,752,36,0,3,24,0,0,0,0
lane ↁEvalid ↁEaccel ↁEmode ↁEcutoff ↁEduration,624875,815,TRUE,752,36,0,3,24,0,0,0,0
accel ↁElane ↁEmode ↁEvalid ↁEcutoff ↁEduration,624875,815,TRUE,752,36,0,3,24,0,0,0,0
accel ↁElane ↁEmode ↁEcutoff ↁEvalid ↁEduration,624875,815,TRUE,752,36,0,3,24,0,0,0,0
mode ↁElane ↁEvalid ↁEaccel ↁEcutoff ↁEduration,624875,815,TRUE,752,36,0,3,24,0,0,0,0
mode ↁEvalid ↁEaccel ↁEcutoff ↁEduration ↁElane,624875,815,TRUE,752,36,0,3,24,0,0,0,0
mode ↁEvalid ↁEaccel ↁEcutoff ↁElane ↁEduration,624875,815,TRUE,752,36,0,3,24,0,0,0,0
mode ↁEvalid ↁEaccel ↁElane ↁEcutoff ↁEduration,624875,815,TRUE,752,36,0,3,24,0,0,0,0
accel ↁEvalid ↁEmode ↁElane ↁEcutoff ↁEduration,624875,815,TRUE,752,36,0,3,24,0,0,0,0
accel ↁEvalid ↁElane ↁEmode ↁEcutoff ↁEduration,624875,815,TRUE,752,36,0,3,24,0,0,0,0
mode ↁEvalid ↁElane ↁEaccel ↁEcutoff ↁEduration,624875,815,TRUE,752,36,0,3,24,0,0,0,0
lane ↁEvalid ↁEmode ↁEaccel ↁEcutoff ↁEduration,624875,815,TRUE,752,36,0,3,24,0,0,0,0
accel ↁEvalid ↁEmode ↁEcutoff ↁEduration ↁElane,624875,815,TRUE,752,36,0,3,24,0,0,0,0
accel ↁEvalid ↁEmode ↁEcutoff ↁElane ↁEduration,624875,815,TRUE,752,36,0,3,24,0,0,0,0
accel ↁElane ↁEmode ↁEcutoff ↁEduration ↁEvalid,624875,815,TRUE,752,36,0,3,24,0,0,0,0
accel ↁElane ↁEvalid ↁEmode ↁEcutoff ↁEduration,624875,815,TRUE,752,36,0,3,24,0,0,0,0
valid ↁEmode ↁEaccel ↁEcutoff ↁEduration ↁElane,624875,815,TRUE,752,36,0,3,24,0,0,0,0
valid ↁEmode ↁEaccel ↁEcutoff ↁElane ↁEduration,624875,815,TRUE,752,36,0,3,24,0,0,0,0
valid ↁEmode ↁEaccel ↁElane ↁEcutoff ↁEduration,624875,815,TRUE,752,36,0,3,24,0,0,0,0
lane ↁEaccel ↁEmode ↁEcutoff ↁEduration ↁEvalid,624875,815,TRUE,752,36,0,3,24,0,0,0,0
lane ↁEaccel ↁEmode ↁEcutoff ↁEvalid ↁEduration,624875,815,TRUE,752,36,0,3,24,0,0,0,0
lane ↁEmode ↁEaccel ↁEcutoff ↁEvalid ↁEduration,624875,815,TRUE,752,36,0,3,24,0,0,0,0
lane ↁEmode ↁEaccel ↁEvalid ↁEcutoff ↁEduration,624875,815,TRUE,752,36,0,3,24,0,0,0,0
valid ↁElane ↁEmode ↁEaccel ↁEcutoff ↁEduration,624875,815,TRUE,752,36,0,3,24,0,0,0,0
valid ↁElane ↁEcutoff ↁEaccel ↁEduration ↁEmode,628435,824,TRUE,760,36,0,3,25,0,0,0,0
cutoff ↁElane ↁEvalid ↁEaccel ↁEduration ↁEmode,628435,824,TRUE,760,36,0,3,25,0,0,0,0
valid ↁElane ↁEmode ↁEcutoff ↁEaccel ↁEduration,628435,824,TRUE,760,36,0,3,25,0,0,0,0
cutoff ↁEvalid ↁEmode ↁElane ↁEaccel ↁEduration,628435,824,TRUE,760,36,0,3,25,0,0,0,0
cutoff ↁEvalid ↁElane ↁEaccel ↁEduration ↁEmode,628435,824,TRUE,760,36,0,3,25,0,0,0,0
cutoff ↁEvalid ↁElane ↁEaccel ↁEmode ↁEduration,628435,824,TRUE,760,36,0,3,25,0,0,0,0
cutoff ↁEvalid ↁElane ↁEmode ↁEaccel ↁEduration,628435,824,TRUE,760,36,0,3,25,0,0,0,0
cutoff ↁElane ↁEmode ↁEvalid ↁEaccel ↁEduration,628435,824,TRUE,760,36,0,3,25,0,0,0,0
cutoff ↁEvalid ↁEmode ↁEaccel ↁEduration ↁElane,628435,824,TRUE,760,36,0,3,25,0,0,0,0
cutoff ↁEvalid ↁEmode ↁEaccel ↁElane ↁEduration,628435,824,TRUE,760,36,0,3,25,0,0,0,0
lane ↁEmode ↁEcutoff ↁEaccel ↁEvalid ↁEduration,628435,824,TRUE,760,36,0,3,25,0,0,0,0
lane ↁEmode ↁEcutoff ↁEaccel ↁEduration ↁEvalid,628435,824,TRUE,760,36,0,3,25,0,0,0,0
lane ↁEvalid ↁEmode ↁEcutoff ↁEaccel ↁEduration,628435,824,TRUE,760,36,0,3,25,0,0,0,0
valid ↁEmode ↁEcutoff ↁEaccel ↁEduration ↁElane,628435,824,TRUE,760,36,0,3,25,0,0,0,0
valid ↁEmode ↁEcutoff ↁEaccel ↁElane ↁEduration,628435,824,TRUE,760,36,0,3,25,0,0,0,0
valid ↁEmode ↁEcutoff ↁElane ↁEaccel ↁEduration,628435,824,TRUE,760,36,0,3,25,0,0,0,0
lane ↁEvalid ↁEcutoff ↁEaccel ↁEmode ↁEduration,628435,824,TRUE,760,36,0,3,25,0,0,0,0
lane ↁEvalid ↁEcutoff ↁEmode ↁEaccel ↁEduration,628435,824,TRUE,760,36,0,3,25,0,0,0,0
mode ↁEvalid ↁElane ↁEcutoff ↁEaccel ↁEduration,628435,824,TRUE,760,36,0,3,25,0,0,0,0
mode ↁEvalid ↁEcutoff ↁElane ↁEaccel ↁEduration,628435,824,TRUE,760,36,0,3,25,0,0,0,0
cutoff ↁEaccel ↁEduration ↁEmode ↁElane ↁEvalid,628435,824,TRUE,760,36,0,3,25,0,0,0,0
mode ↁEvalid ↁEcutoff ↁEaccel ↁEduration ↁElane,628435,824,TRUE,760,36,0,3,25,0,0,0,0
lane ↁEvalid ↁEcutoff ↁEaccel ↁEduration ↁEmode,628435,824,TRUE,760,36,0,3,25,0,0,0,0
mode ↁElane ↁEvalid ↁEcutoff ↁEaccel ↁEduration,628435,824,TRUE,760,36,0,3,25,0,0,0,0
cutoff ↁEaccel ↁEduration ↁElane ↁEmode ↁEvalid,628435,824,TRUE,760,36,0,3,25,0,0,0,0
cutoff ↁEaccel ↁEduration ↁEmode ↁEvalid ↁElane,628435,824,TRUE,760,36,0,3,25,0,0,0,0
mode ↁEcutoff ↁEaccel ↁElane ↁEvalid ↁEduration,628435,824,TRUE,760,36,0,3,25,0,0,0,0
cutoff ↁEaccel ↁEmode ↁEvalid ↁEduration ↁElane,628435,824,TRUE,760,36,0,3,25,0,0,0,0
mode ↁEcutoff ↁEvalid ↁElane ↁEaccel ↁEduration,628435,824,TRUE,760,36,0,3,25,0,0,0,0
mode ↁEcutoff ↁEaccel ↁEduration ↁEvalid ↁElane,628435,824,TRUE,760,36,0,3,25,0,0,0,0
mode ↁEcutoff ↁEaccel ↁEduration ↁElane ↁEvalid,628435,824,TRUE,760,36,0,3,25,0,0,0,0
mode ↁEcutoff ↁEaccel ↁElane ↁEduration ↁEvalid,628435,824,TRUE,760,36,0,3,25,0,0,0,0
cutoff ↁEaccel ↁElane ↁEmode ↁEduration ↁEvalid,628435,824,TRUE,760,36,0,3,25,0,0,0,0
cutoff ↁEaccel ↁElane ↁEduration ↁEvalid ↁEmode,628435,824,TRUE,760,36,0,3,25,0,0,0,0
cutoff ↁEaccel ↁElane ↁEduration ↁEmode ↁEvalid,628435,824,TRUE,760,36,0,3,25,0,0,0,0
cutoff ↁEaccel ↁEmode ↁEvalid ↁElane ↁEduration,628435,824,TRUE,760,36,0,3,25,0,0,0,0
cutoff ↁEaccel ↁElane ↁEmode ↁEvalid ↁEduration,628435,824,TRUE,760,36,0,3,25,0,0,0,0
cutoff ↁEaccel ↁElane ↁEvalid ↁEduration ↁEmode,628435,824,TRUE,760,36,0,3,25,0,0,0,0
cutoff ↁEaccel ↁElane ↁEvalid ↁEmode ↁEduration,628435,824,TRUE,760,36,0,3,25,0,0,0,0
cutoff ↁEaccel ↁEvalid ↁEduration ↁEmode ↁElane,628435,824,TRUE,760,36,0,3,25,0,0,0,0
cutoff ↁEaccel ↁEvalid ↁElane ↁEmode ↁEduration,628435,824,TRUE,760,36,0,3,25,0,0,0,0
mode ↁEcutoff ↁElane ↁEvalid ↁEaccel ↁEduration,628435,824,TRUE,760,36,0,3,25,0,0,0,0
mode ↁEcutoff ↁEvalid ↁEaccel ↁEduration ↁElane,628435,824,TRUE,760,36,0,3,25,0,0,0,0
cutoff ↁEaccel ↁEduration ↁElane ↁEvalid ↁEmode,628435,824,TRUE,760,36,0,3,25,0,0,0,0
cutoff ↁEaccel ↁEvalid ↁEduration ↁElane ↁEmode,628435,824,TRUE,760,36,0,3,25,0,0,0,0
cutoff ↁEaccel ↁEvalid ↁEmode ↁEduration ↁElane,628435,824,TRUE,760,36,0,3,25,0,0,0,0
cutoff ↁEaccel ↁEvalid ↁEmode ↁElane ↁEduration,628435,824,TRUE,760,36,0,3,25,0,0,0,0
cutoff ↁEaccel ↁEvalid ↁElane ↁEduration ↁEmode,628435,824,TRUE,760,36,0,3,25,0,0,0,0
cutoff ↁEaccel ↁEmode ↁEduration ↁEvalid ↁElane,628435,824,TRUE,760,36,0,3,25,0,0,0,0
cutoff ↁEaccel ↁEmode ↁEduration ↁElane ↁEvalid,628435,824,TRUE,760,36,0,3,25,0,0,0,0
cutoff ↁEaccel ↁEduration ↁEvalid ↁElane ↁEmode,628435,824,TRUE,760,36,0,3,25,0,0,0,0
cutoff ↁEaccel ↁEduration ↁEvalid ↁEmode ↁElane,628435,824,TRUE,760,36,0,3,25,0,0,0,0
mode ↁElane ↁEcutoff ↁEaccel ↁEvalid ↁEduration,628435,824,TRUE,760,36,0,3,25,0,0,0,0
mode ↁElane ↁEcutoff ↁEvalid ↁEaccel ↁEduration,628435,824,TRUE,760,36,0,3,25,0,0,0,0
mode ↁEvalid ↁEcutoff ↁEaccel ↁElane ↁEduration,628435,824,TRUE,760,36,0,3,25,0,0,0,0
mode ↁElane ↁEcutoff ↁEaccel ↁEduration ↁEvalid,628435,824,TRUE,760,36,0,3,25,0,0,0,0
cutoff ↁEaccel ↁEmode ↁElane ↁEvalid ↁEduration,628435,824,TRUE,760,36,0,3,25,0,0,0,0
cutoff ↁEaccel ↁEmode ↁElane ↁEduration ↁEvalid,628435,824,TRUE,760,36,0,3,25,0,0,0,0
lane ↁEcutoff ↁEaccel ↁEduration ↁEvalid ↁEmode,628435,824,TRUE,760,36,0,3,25,0,0,0,0
lane ↁEcutoff ↁEaccel ↁEduration ↁEmode ↁEvalid,628435,824,TRUE,760,36,0,3,25,0,0,0,0
lane ↁEcutoff ↁEaccel ↁEmode ↁEduration ↁEvalid,628435,824,TRUE,760,36,0,3,25,0,0,0,0
lane ↁEcutoff ↁEaccel ↁEmode ↁEvalid ↁEduration,628435,824,TRUE,760,36,0,3,25,0,0,0,0
lane ↁEcutoff ↁEaccel ↁEvalid ↁEduration ↁEmode,628435,824,TRUE,760,36,0,3,25,0,0,0,0
lane ↁEcutoff ↁEaccel ↁEvalid ↁEmode ↁEduration,628435,824,TRUE,760,36,0,3,25,0,0,0,0
mode ↁEcutoff ↁEvalid ↁEaccel ↁElane ↁEduration,628435,824,TRUE,760,36,0,3,25,0,0,0,0
cutoff ↁElane ↁEvalid ↁEmode ↁEaccel ↁEduration,628435,824,TRUE,760,36,0,3,25,0,0,0,0
cutoff ↁElane ↁEvalid ↁEaccel ↁEmode ↁEduration,628435,824,TRUE,760,36,0,3,25,0,0,0,0
cutoff ↁEmode ↁEvalid ↁEaccel ↁEduration ↁElane,628435,824,TRUE,760,36,0,3,25,0,0,0,0
cutoff ↁEmode ↁElane ↁEvalid ↁEaccel ↁEduration,628435,824,TRUE,760,36,0,3,25,0,0,0,0
cutoff ↁEmode ↁElane ↁEaccel ↁEvalid ↁEduration,628435,824,TRUE,760,36,0,3,25,0,0,0,0
cutoff ↁEmode ↁElane ↁEaccel ↁEduration ↁEvalid,628435,824,TRUE,760,36,0,3,25,0,0,0,0
cutoff ↁElane ↁEmode ↁEaccel ↁEvalid ↁEduration,628435,824,TRUE,760,36,0,3,25,0,0,0,0
cutoff ↁElane ↁEmode ↁEaccel ↁEduration ↁEvalid,628435,824,TRUE,760,36,0,3,25,0,0,0,0
valid ↁEmode ↁElane ↁEcutoff ↁEaccel ↁEduration,628435,824,TRUE,760,36,0,3,25,0,0,0,0
valid ↁElane ↁEcutoff ↁEaccel ↁEmode ↁEduration,628435,824,TRUE,760,36,0,3,25,0,0,0,0
valid ↁElane ↁEcutoff ↁEmode ↁEaccel ↁEduration,628435,824,TRUE,760,36,0,3,25,0,0,0,0
lane ↁEmode ↁEcutoff ↁEvalid ↁEaccel ↁEduration,628435,824,TRUE,760,36,0,3,25,0,0,0,0
cutoff ↁEvalid ↁEaccel ↁEmode ↁEduration ↁElane,628435,824,TRUE,760,36,0,3,25,0,0,0,0
cutoff ↁEvalid ↁEaccel ↁEmode ↁElane ↁEduration,628435,824,TRUE,760,36,0,3,25,0,0,0,0
cutoff ↁEvalid ↁEaccel ↁElane ↁEduration ↁEmode,628435,824,TRUE,760,36,0,3,25,0,0,0,0
valid ↁEcutoff ↁEmode ↁEaccel ↁElane ↁEduration,628435,824,TRUE,760,36,0,3,25,0,0,0,0
cutoff ↁElane ↁEaccel ↁEduration ↁEmode ↁEvalid,628435,824,TRUE,760,36,0,3,25,0,0,0,0
cutoff ↁElane ↁEaccel ↁEduration ↁEvalid ↁEmode,628435,824,TRUE,760,36,0,3,25,0,0,0,0
cutoff ↁElane ↁEaccel ↁEmode ↁEduration ↁEvalid,628435,824,TRUE,760,36,0,3,25,0,0,0,0
cutoff ↁEvalid ↁEaccel ↁElane ↁEmode ↁEduration,628435,824,TRUE,760,36,0,3,25,0,0,0,0
valid ↁEcutoff ↁEmode ↁElane ↁEaccel ↁEduration,628435,824,TRUE,760,36,0,3,25,0,0,0,0
valid ↁEcutoff ↁElane ↁEaccel ↁEduration ↁEmode,628435,824,TRUE,760,36,0,3,25,0,0,0,0
valid ↁEcutoff ↁElane ↁEaccel ↁEmode ↁEduration,628435,824,TRUE,760,36,0,3,25,0,0,0,0
valid ↁEcutoff ↁElane ↁEmode ↁEaccel ↁEduration,628435,824,TRUE,760,36,0,3,25,0,0,0,0
valid ↁEcutoff ↁEaccel ↁEduration ↁEmode ↁElane,628435,824,TRUE,760,36,0,3,25,0,0,0,0
valid ↁEcutoff ↁEaccel ↁEduration ↁElane ↁEmode,628435,824,TRUE,760,36,0,3,25,0,0,0,0
valid ↁEcutoff ↁEaccel ↁEmode ↁEduration ↁElane,628435,824,TRUE,760,36,0,3,25,0,0,0,0
valid ↁEcutoff ↁEaccel ↁEmode ↁElane ↁEduration,628435,824,TRUE,760,36,0,3,25,0,0,0,0
valid ↁEcutoff ↁEaccel ↁElane ↁEduration ↁEmode,628435,824,TRUE,760,36,0,3,25,0,0,0,0
valid ↁEcutoff ↁEaccel ↁElane ↁEmode ↁEduration,628435,824,TRUE,760,36,0,3,25,0,0,0,0
valid ↁEcutoff ↁEmode ↁEaccel ↁEduration ↁElane,628435,824,TRUE,760,36,0,3,25,0,0,0,0
cutoff ↁEvalid ↁEaccel ↁEduration ↁEmode ↁElane,628435,824,TRUE,760,36,0,3,25,0,0,0,0
mode ↁEcutoff ↁElane ↁEaccel ↁEduration ↁEvalid,628435,824,TRUE,760,36,0,3,25,0,0,0,0
mode ↁEcutoff ↁEaccel ↁEvalid ↁElane ↁEduration,628435,824,TRUE,760,36,0,3,25,0,0,0,0
mode ↁEcutoff ↁEaccel ↁEvalid ↁEduration ↁElane,628435,824,TRUE,760,36,0,3,25,0,0,0,0
cutoff ↁEmode ↁEvalid ↁEaccel ↁElane ↁEduration,628435,824,TRUE,760,36,0,3,25,0,0,0,0
cutoff ↁEmode ↁEvalid ↁElane ↁEaccel ↁEduration,628435,824,TRUE,760,36,0,3,25,0,0,0,0
cutoff ↁEmode ↁEaccel ↁEvalid ↁElane ↁEduration,628435,824,TRUE,760,36,0,3,25,0,0,0,0
cutoff ↁEmode ↁEaccel ↁEvalid ↁEduration ↁElane,628435,824,TRUE,760,36,0,3,25,0,0,0,0
cutoff ↁEmode ↁEaccel ↁEduration ↁElane ↁEvalid,628435,824,TRUE,760,36,0,3,25,0,0,0,0
cutoff ↁElane ↁEaccel ↁEvalid ↁEmode ↁEduration,628435,824,TRUE,760,36,0,3,25,0,0,0,0
cutoff ↁElane ↁEaccel ↁEvalid ↁEduration ↁEmode,628435,824,TRUE,760,36,0,3,25,0,0,0,0
cutoff ↁElane ↁEaccel ↁEmode ↁEvalid ↁEduration,628435,824,TRUE,760,36,0,3,25,0,0,0,0
cutoff ↁEmode ↁEaccel ↁEduration ↁEvalid ↁElane,628435,824,TRUE,760,36,0,3,25,0,0,0,0
cutoff ↁEmode ↁEaccel ↁElane ↁEduration ↁEvalid,628435,824,TRUE,760,36,0,3,25,0,0,0,0
cutoff ↁEmode ↁEaccel ↁElane ↁEvalid ↁEduration,628435,824,TRUE,760,36,0,3,25,0,0,0,0
cutoff ↁEvalid ↁEaccel ↁEduration ↁElane ↁEmode,628435,824,TRUE,760,36,0,3,25,0,0,0,0
mode ↁEcutoff ↁElane ↁEaccel ↁEvalid ↁEduration,628435,824,TRUE,760,36,0,3,25,0,0,0,0
lane ↁEmode ↁEvalid ↁEcutoff ↁEaccel ↁEduration,628435,824,TRUE,760,36,0,3,25,0,0,0,0
lane ↁEcutoff ↁEmode ↁEaccel ↁEduration ↁEvalid,628435,824,TRUE,760,36,0,3,25,0,0,0,0
lane ↁEcutoff ↁEmode ↁEaccel ↁEvalid ↁEduration,628435,824,TRUE,760,36,0,3,25,0,0,0,0
lane ↁEcutoff ↁEvalid ↁEaccel ↁEduration ↁEmode,628435,824,TRUE,760,36,0,3,25,0,0,0,0
lane ↁEcutoff ↁEmode ↁEvalid ↁEaccel ↁEduration,628435,824,TRUE,760,36,0,3,25,0,0,0,0
lane ↁEcutoff ↁEvalid ↁEmode ↁEaccel ↁEduration,628435,824,TRUE,760,36,0,3,25,0,0,0,0
lane ↁEcutoff ↁEvalid ↁEaccel ↁEmode ↁEduration,628435,824,TRUE,760,36,0,3,25,0,0,0,0
cutoff ↁEduration ↁEmode ↁEvalid ↁEaccel ↁElane,630576,829,TRUE,765,36,0,3,25,0,0,0,0
cutoff ↁEduration ↁElane ↁEaccel ↁEmode ↁEvalid,630576,829,TRUE,765,36,0,3,25,0,0,0,0
cutoff ↁEduration ↁEmode ↁElane ↁEvalid ↁEaccel,630576,829,TRUE,765,36,0,3,25,0,0,0,0
cutoff ↁEduration ↁElane ↁEmode ↁEvalid ↁEaccel,630576,829,TRUE,765,36,0,3,25,0,0,0,0
cutoff ↁEduration ↁEaccel ↁEmode ↁEvalid ↁElane,630576,829,TRUE,765,36,0,3,25,0,0,0,0
cutoff ↁEduration ↁEaccel ↁElane ↁEmode ↁEvalid,630576,829,TRUE,765,36,0,3,25,0,0,0,0
cutoff ↁEduration ↁElane ↁEmode ↁEaccel ↁEvalid,630576,829,TRUE,765,36,0,3,25,0,0,0,0
cutoff ↁEduration ↁEaccel ↁEmode ↁElane ↁEvalid,630576,829,TRUE,765,36,0,3,25,0,0,0,0
cutoff ↁEduration ↁEaccel ↁEvalid ↁElane ↁEmode,630576,829,TRUE,765,36,0,3,25,0,0,0,0
cutoff ↁEduration ↁEmode ↁEaccel ↁElane ↁEvalid,630576,829,TRUE,765,36,0,3,25,0,0,0,0
cutoff ↁEduration ↁEmode ↁEaccel ↁEvalid ↁElane,630576,829,TRUE,765,36,0,3,25,0,0,0,0
cutoff ↁEduration ↁEaccel ↁEvalid ↁEmode ↁElane,630576,829,TRUE,765,36,0,3,25,0,0,0,0
cutoff ↁEduration ↁEaccel ↁElane ↁEvalid ↁEmode,630576,829,TRUE,765,36,0,3,25,0,0,0,0
cutoff ↁEduration ↁElane ↁEaccel ↁEvalid ↁEmode,630576,829,TRUE,765,36,0,3,25,0,0,0,0
cutoff ↁEduration ↁEmode ↁEvalid ↁElane ↁEaccel,630576,829,TRUE,765,36,0,3,25,0,0,0,0
cutoff ↁEduration ↁEvalid ↁElane ↁEaccel ↁEmode,630576,829,TRUE,765,36,0,3,25,0,0,0,0
cutoff ↁEduration ↁElane ↁEvalid ↁEmode ↁEaccel,630576,829,TRUE,765,36,0,3,25,0,0,0,0
cutoff ↁEduration ↁEvalid ↁElane ↁEmode ↁEaccel,630576,829,TRUE,765,36,0,3,25,0,0,0,0
cutoff ↁEduration ↁElane ↁEvalid ↁEaccel ↁEmode,630576,829,TRUE,765,36,0,3,25,0,0,0,0
cutoff ↁEduration ↁEmode ↁElane ↁEaccel ↁEvalid,630576,829,TRUE,765,36,0,3,25,0,0,0,0
cutoff ↁEduration ↁEvalid ↁEaccel ↁEmode ↁElane,630576,829,TRUE,765,36,0,3,25,0,0,0,0
cutoff ↁEduration ↁEvalid ↁEmode ↁElane ↁEaccel,630576,829,TRUE,765,36,0,3,25,0,0,0,0
cutoff ↁEduration ↁEvalid ↁEaccel ↁElane ↁEmode,630576,829,TRUE,765,36,0,3,25,0,0,0,0
cutoff ↁEduration ↁEvalid ↁEmode ↁEaccel ↁElane,630576,829,TRUE,765,36,0,3,25,0,0,0,0
valid ↁEaccel ↁElane ↁEduration ↁEcutoff ↁEmode,878919,1560,TRUE,1441,65,0,6,48,0,0,0,0
valid ↁEaccel ↁElane ↁEduration ↁEmode ↁEcutoff,878919,1560,TRUE,1441,65,0,6,48,0,0,0,0
valid ↁEaccel ↁEduration ↁEmode ↁEcutoff ↁElane,878919,1560,TRUE,1441,65,0,6,48,0,0,0,0
valid ↁEaccel ↁEduration ↁEmode ↁElane ↁEcutoff,878919,1560,TRUE,1441,65,0,6,48,0,0,0,0
valid ↁEaccel ↁEduration ↁElane ↁEcutoff ↁEmode,878919,1560,TRUE,1441,65,0,6,48,0,0,0,0
valid ↁEaccel ↁEduration ↁElane ↁEmode ↁEcutoff,878919,1560,TRUE,1441,65,0,6,48,0,0,0,0
lane ↁEvalid ↁEaccel ↁEduration ↁEcutoff ↁEmode,878919,1560,TRUE,1441,65,0,6,48,0,0,0,0
lane ↁEaccel ↁEvalid ↁEduration ↁEmode ↁEcutoff,878919,1560,TRUE,1441,65,0,6,48,0,0,0,0
accel ↁEvalid ↁEduration ↁEcutoff ↁEmode ↁElane,878919,1560,TRUE,1441,65,0,6,48,0,0,0,0
accel ↁEvalid ↁEduration ↁEcutoff ↁElane ↁEmode,878919,1560,TRUE,1441,65,0,6,48,0,0,0,0
accel ↁEduration ↁElane ↁEvalid ↁEcutoff ↁEmode,878919,1560,TRUE,1441,65,0,6,48,0,0,0,0
accel ↁEduration ↁElane ↁEvalid ↁEmode ↁEcutoff,878919,1560,TRUE,1441,65,0,6,48,0,0,0,0
accel ↁEduration ↁEvalid ↁEmode ↁEcutoff ↁElane,878919,1560,TRUE,1441,65,0,6,48,0,0,0,0
accel ↁEduration ↁEvalid ↁEmode ↁElane ↁEcutoff,878919,1560,TRUE,1441,65,0,6,48,0,0,0,0
lane ↁEaccel ↁEduration ↁEcutoff ↁEmode ↁEvalid,878919,1560,TRUE,1441,65,0,6,48,0,0,0,0
lane ↁEaccel ↁEduration ↁEcutoff ↁEvalid ↁEmode,878919,1560,TRUE,1441,65,0,6,48,0,0,0,0
lane ↁEaccel ↁEduration ↁEmode ↁEvalid ↁEcutoff,878919,1560,TRUE,1441,65,0,6,48,0,0,0,0
lane ↁEaccel ↁEduration ↁEvalid ↁEcutoff ↁEmode,878919,1560,TRUE,1441,65,0,6,48,0,0,0,0
lane ↁEaccel ↁEduration ↁEvalid ↁEmode ↁEcutoff,878919,1560,TRUE,1441,65,0,6,48,0,0,0,0
accel ↁEduration ↁEmode ↁEvalid ↁElane ↁEcutoff,878919,1560,TRUE,1441,65,0,6,48,0,0,0,0
accel ↁEduration ↁElane ↁEcutoff ↁEvalid ↁEmode,878919,1560,TRUE,1441,65,0,6,48,0,0,0,0
accel ↁEduration ↁElane ↁEcutoff ↁEmode ↁEvalid,878919,1560,TRUE,1441,65,0,6,48,0,0,0,0
accel ↁEduration ↁElane ↁEmode ↁEvalid ↁEcutoff,878919,1560,TRUE,1441,65,0,6,48,0,0,0,0
accel ↁEduration ↁElane ↁEmode ↁEcutoff ↁEvalid,878919,1560,TRUE,1441,65,0,6,48,0,0,0,0
accel ↁEduration ↁEvalid ↁEcutoff ↁEmode ↁElane,878919,1560,TRUE,1441,65,0,6,48,0,0,0,0
accel ↁEduration ↁEvalid ↁEcutoff ↁElane ↁEmode,878919,1560,TRUE,1441,65,0,6,48,0,0,0,0
accel ↁEvalid ↁElane ↁEduration ↁEcutoff ↁEmode,878919,1560,TRUE,1441,65,0,6,48,0,0,0,0
accel ↁEvalid ↁElane ↁEduration ↁEmode ↁEcutoff,878919,1560,TRUE,1441,65,0,6,48,0,0,0,0
accel ↁElane ↁEvalid ↁEduration ↁEcutoff ↁEmode,878919,1560,TRUE,1441,65,0,6,48,0,0,0,0
valid ↁEaccel ↁEduration ↁEcutoff ↁEmode ↁElane,878919,1560,TRUE,1441,65,0,6,48,0,0,0,0
valid ↁEaccel ↁEduration ↁEcutoff ↁElane ↁEmode,878919,1560,TRUE,1441,65,0,6,48,0,0,0,0
lane ↁEvalid ↁEaccel ↁEduration ↁEmode ↁEcutoff,878919,1560,TRUE,1441,65,0,6,48,0,0,0,0
accel ↁEvalid ↁEduration ↁEmode ↁEcutoff ↁElane,878919,1560,TRUE,1441,65,0,6,48,0,0,0,0
accel ↁEvalid ↁEduration ↁEmode ↁElane ↁEcutoff,878919,1560,TRUE,1441,65,0,6,48,0,0,0,0
accel ↁEvalid ↁEduration ↁElane ↁEcutoff ↁEmode,878919,1560,TRUE,1441,65,0,6,48,0,0,0,0
accel ↁEvalid ↁEduration ↁElane ↁEmode ↁEcutoff,878919,1560,TRUE,1441,65,0,6,48,0,0,0,0
accel ↁElane ↁEduration ↁEmode ↁEvalid ↁEcutoff,878919,1560,TRUE,1441,65,0,6,48,0,0,0,0
accel ↁElane ↁEduration ↁEmode ↁEcutoff ↁEvalid,878919,1560,TRUE,1441,65,0,6,48,0,0,0,0
accel ↁElane ↁEduration ↁEvalid ↁEcutoff ↁEmode,878919,1560,TRUE,1441,65,0,6,48,0,0,0,0
accel ↁElane ↁEduration ↁEvalid ↁEmode ↁEcutoff,878919,1560,TRUE,1441,65,0,6,48,0,0,0,0
lane ↁEaccel ↁEduration ↁEmode ↁEcutoff ↁEvalid,878919,1560,TRUE,1441,65,0,6,48,0,0,0,0
accel ↁElane ↁEvalid ↁEduration ↁEmode ↁEcutoff,878919,1560,TRUE,1441,65,0,6,48,0,0,0,0
accel ↁEduration ↁEvalid ↁElane ↁEcutoff ↁEmode,878919,1560,TRUE,1441,65,0,6,48,0,0,0,0
accel ↁEduration ↁEcutoff ↁEvalid ↁElane ↁEmode,878919,1560,TRUE,1441,65,0,6,48,0,0,0,0
accel ↁEduration ↁEmode ↁEcutoff ↁEvalid ↁElane,878919,1560,TRUE,1441,65,0,6,48,0,0,0,0
accel ↁEduration ↁEmode ↁEcutoff ↁElane ↁEvalid,878919,1560,TRUE,1441,65,0,6,48,0,0,0,0
accel ↁEduration ↁEcutoff ↁElane ↁEvalid ↁEmode,878919,1560,TRUE,1441,65,0,6,48,0,0,0,0
accel ↁEduration ↁEcutoff ↁEvalid ↁEmode ↁElane,878919,1560,TRUE,1441,65,0,6,48,0,0,0,0
accel ↁEduration ↁEmode ↁEvalid ↁEcutoff ↁElane,878919,1560,TRUE,1441,65,0,6,48,0,0,0,0
accel ↁElane ↁEduration ↁEcutoff ↁEvalid ↁEmode,878919,1560,TRUE,1441,65,0,6,48,0,0,0,0
lane ↁEaccel ↁEvalid ↁEduration ↁEcutoff ↁEmode,878919,1560,TRUE,1441,65,0,6,48,0,0,0,0
accel ↁElane ↁEduration ↁEcutoff ↁEmode ↁEvalid,878919,1560,TRUE,1441,65,0,6,48,0,0,0,0
accel ↁEduration ↁEcutoff ↁElane ↁEmode ↁEvalid,878919,1560,TRUE,1441,65,0,6,48,0,0,0,0
accel ↁEduration ↁEcutoff ↁEmode ↁEvalid ↁElane,878919,1560,TRUE,1441,65,0,6,48,0,0,0,0
accel ↁEduration ↁEmode ↁElane ↁEcutoff ↁEvalid,878919,1560,TRUE,1441,65,0,6,48,0,0,0,0
accel ↁEduration ↁEmode ↁElane ↁEvalid ↁEcutoff,878919,1560,TRUE,1441,65,0,6,48,0,0,0,0
accel ↁEduration ↁEvalid ↁElane ↁEmode ↁEcutoff,878919,1560,TRUE,1441,65,0,6,48,0,0,0,0
accel ↁEduration ↁEcutoff ↁEmode ↁElane ↁEvalid,878919,1560,TRUE,1441,65,0,6,48,0,0,0,0
valid ↁElane ↁEaccel ↁEduration ↁEmode ↁEcutoff,878919,1560,TRUE,1441,65,0,6,48,0,0,0,0
valid ↁElane ↁEaccel ↁEduration ↁEcutoff ↁEmode,878919,1560,TRUE,1441,65,0,6,48,0,0,0,0
lane ↁEmode ↁEduration ↁEvalid ↁEaccel ↁEcutoff,880445,1565,TRUE,1446,65,0,6,48,0,0,0,0
lane ↁEmode ↁEduration ↁEcutoff ↁEvalid ↁEaccel,881448,1565,TRUE,1446,65,0,6,48,0,0,0,0
lane ↁEmode ↁEduration ↁEcutoff ↁEaccel ↁEvalid,881448,1565,TRUE,1446,65,0,6,48,0,0,0,0
lane ↁEmode ↁEduration ↁEaccel ↁEvalid ↁEcutoff,880445,1565,TRUE,1446,65,0,6,48,0,0,0,0
lane ↁEmode ↁEduration ↁEaccel ↁEcutoff ↁEvalid,880445,1565,TRUE,1446,65,0,6,48,0,0,0,0
lane ↁEduration ↁEmode ↁEcutoff ↁEvalid ↁEaccel,881448,1565,TRUE,1446,65,0,6,48,0,0,0,0
lane ↁEduration ↁEmode ↁEcutoff ↁEaccel ↁEvalid,881448,1565,TRUE,1446,65,0,6,48,0,0,0,0
lane ↁEduration ↁEmode ↁEaccel ↁEvalid ↁEcutoff,880445,1565,TRUE,1446,65,0,6,48,0,0,0,0
lane ↁEduration ↁEmode ↁEaccel ↁEcutoff ↁEvalid,880445,1565,TRUE,1446,65,0,6,48,0,0,0,0
lane ↁEduration ↁEcutoff ↁEvalid ↁEmode ↁEaccel,881448,1565,TRUE,1446,65,0,6,48,0,0,0,0
lane ↁEduration ↁEcutoff ↁEvalid ↁEaccel ↁEmode,881448,1565,TRUE,1446,65,0,6,48,0,0,0,0
lane ↁEduration ↁEcutoff ↁEmode ↁEvalid ↁEaccel,881448,1565,TRUE,1446,65,0,6,48,0,0,0,0
valid ↁElane ↁEmode ↁEduration ↁEcutoff ↁEaccel,881448,1565,TRUE,1446,65,0,6,48,0,0,0,0
valid ↁElane ↁEmode ↁEduration ↁEaccel ↁEcutoff,880445,1565,TRUE,1446,65,0,6,48,0,0,0,0
lane ↁEduration ↁEaccel ↁEcutoff ↁEvalid ↁEmode,880445,1565,TRUE,1446,65,0,6,48,0,0,0,0
duration ↁEmode ↁEaccel ↁElane ↁEcutoff ↁEvalid,880445,1565,TRUE,1446,65,0,6,48,0,0,0,0
duration ↁEmode ↁEaccel ↁEcutoff ↁEvalid ↁElane,880445,1565,TRUE,1446,65,0,6,48,0,0,0,0
duration ↁEmode ↁEaccel ↁEcutoff ↁElane ↁEvalid,880445,1565,TRUE,1446,65,0,6,48,0,0,0,0
duration ↁEcutoff ↁEvalid ↁElane ↁEmode ↁEaccel,882261,1565,TRUE,1446,65,0,6,48,0,0,0,0
duration ↁEcutoff ↁEvalid ↁElane ↁEaccel ↁEmode,882261,1565,TRUE,1446,65,0,6,48,0,0,0,0
duration ↁEcutoff ↁEvalid ↁEmode ↁElane ↁEaccel,882261,1565,TRUE,1446,65,0,6,48,0,0,0,0
duration ↁEcutoff ↁEvalid ↁEmode ↁEaccel ↁElane,882261,1565,TRUE,1446,65,0,6,48,0,0,0,0
duration ↁEcutoff ↁEvalid ↁEaccel ↁElane ↁEmode,882261,1565,TRUE,1446,65,0,6,48,0,0,0,0
duration ↁEcutoff ↁEvalid ↁEaccel ↁEmode ↁElane,882261,1565,TRUE,1446,65,0,6,48,0,0,0,0
duration ↁEcutoff ↁElane ↁEvalid ↁEmode ↁEaccel,882261,1565,TRUE,1446,65,0,6,48,0,0,0,0
duration ↁEcutoff ↁElane ↁEvalid ↁEaccel ↁEmode,882261,1565,TRUE,1446,65,0,6,48,0,0,0,0
duration ↁEcutoff ↁElane ↁEmode ↁEvalid ↁEaccel,882261,1565,TRUE,1446,65,0,6,48,0,0,0,0
lane ↁEduration ↁEaccel ↁEmode ↁEcutoff ↁEvalid,880445,1565,TRUE,1446,65,0,6,48,0,0,0,0
valid ↁElane ↁEduration ↁEcutoff ↁEmode ↁEaccel,881448,1565,TRUE,1446,65,0,6,48,0,0,0,0
valid ↁElane ↁEduration ↁEcutoff ↁEaccel ↁEmode,881448,1565,TRUE,1446,65,0,6,48,0,0,0,0
duration ↁEmode ↁElane ↁEcutoff ↁEvalid ↁEaccel,881448,1565,TRUE,1446,65,0,6,48,0,0,0,0
duration ↁEmode ↁElane ↁEcutoff ↁEaccel ↁEvalid,881448,1565,TRUE,1446,65,0,6,48,0,0,0,0
duration ↁEmode ↁElane ↁEaccel ↁEvalid ↁEcutoff,880445,1565,TRUE,1446,65,0,6,48,0,0,0,0
duration ↁEmode ↁElane ↁEaccel ↁEcutoff ↁEvalid,880445,1565,TRUE,1446,65,0,6,48,0,0,0,0
duration ↁEmode ↁEcutoff ↁEvalid ↁElane ↁEaccel,881448,1565,TRUE,1446,65,0,6,48,0,0,0,0
duration ↁEmode ↁEcutoff ↁEvalid ↁEaccel ↁElane,881448,1565,TRUE,1446,65,0,6,48,0,0,0,0
duration ↁEmode ↁEcutoff ↁElane ↁEvalid ↁEaccel,881448,1565,TRUE,1446,65,0,6,48,0,0,0,0
duration ↁEmode ↁEcutoff ↁElane ↁEaccel ↁEvalid,881448,1565,TRUE,1446,65,0,6,48,0,0,0,0
duration ↁEmode ↁEcutoff ↁEaccel ↁEvalid ↁElane,881448,1565,TRUE,1446,65,0,6,48,0,0,0,0
duration ↁEcutoff ↁElane ↁEmode ↁEaccel ↁEvalid,882261,1565,TRUE,1446,65,0,6,48,0,0,0,0
duration ↁEcutoff ↁElane ↁEaccel ↁEvalid ↁEmode,882261,1565,TRUE,1446,65,0,6,48,0,0,0,0
duration ↁEcutoff ↁElane ↁEaccel ↁEmode ↁEvalid,882261,1565,TRUE,1446,65,0,6,48,0,0,0,0
duration ↁEcutoff ↁEmode ↁEvalid ↁElane ↁEaccel,882261,1565,TRUE,1446,65,0,6,48,0,0,0,0
duration ↁEcutoff ↁEmode ↁEvalid ↁEaccel ↁElane,882261,1565,TRUE,1446,65,0,6,48,0,0,0,0
duration ↁEcutoff ↁEmode ↁElane ↁEvalid ↁEaccel,882261,1565,TRUE,1446,65,0,6,48,0,0,0,0
duration ↁEcutoff ↁEmode ↁElane ↁEaccel ↁEvalid,882261,1565,TRUE,1446,65,0,6,48,0,0,0,0
duration ↁEcutoff ↁEmode ↁEaccel ↁEvalid ↁElane,882261,1565,TRUE,1446,65,0,6,48,0,0,0,0
duration ↁEcutoff ↁEmode ↁEaccel ↁElane ↁEvalid,882261,1565,TRUE,1446,65,0,6,48,0,0,0,0
duration ↁEcutoff ↁEaccel ↁEvalid ↁElane ↁEmode,882261,1565,TRUE,1446,65,0,6,48,0,0,0,0
duration ↁEcutoff ↁEaccel ↁEvalid ↁEmode ↁElane,882261,1565,TRUE,1446,65,0,6,48,0,0,0,0
duration ↁEcutoff ↁEaccel ↁElane ↁEvalid ↁEmode,882261,1565,TRUE,1446,65,0,6,48,0,0,0,0
duration ↁEcutoff ↁEaccel ↁElane ↁEmode ↁEvalid,882261,1565,TRUE,1446,65,0,6,48,0,0,0,0
duration ↁEcutoff ↁEaccel ↁEmode ↁEvalid ↁElane,882261,1565,TRUE,1446,65,0,6,48,0,0,0,0
duration ↁEcutoff ↁEaccel ↁEmode ↁElane ↁEvalid,882261,1565,TRUE,1446,65,0,6,48,0,0,0,0
duration ↁEaccel ↁEvalid ↁElane ↁEmode ↁEcutoff,880445,1565,TRUE,1446,65,0,6,48,0,0,0,0
duration ↁEaccel ↁEvalid ↁElane ↁEcutoff ↁEmode,880445,1565,TRUE,1446,65,0,6,48,0,0,0,0
duration ↁEaccel ↁEvalid ↁEmode ↁElane ↁEcutoff,880445,1565,TRUE,1446,65,0,6,48,0,0,0,0
duration ↁEaccel ↁEvalid ↁEmode ↁEcutoff ↁElane,880445,1565,TRUE,1446,65,0,6,48,0,0,0,0
duration ↁEaccel ↁEvalid ↁEcutoff ↁElane ↁEmode,880445,1565,TRUE,1446,65,0,6,48,0,0,0,0
duration ↁEaccel ↁEvalid ↁEcutoff ↁEmode ↁElane,880445,1565,TRUE,1446,65,0,6,48,0,0,0,0
duration ↁEaccel ↁElane ↁEvalid ↁEmode ↁEcutoff,880445,1565,TRUE,1446,65,0,6,48,0,0,0,0
duration ↁEaccel ↁElane ↁEvalid ↁEcutoff ↁEmode,880445,1565,TRUE,1446,65,0,6,48,0,0,0,0
duration ↁEaccel ↁElane ↁEmode ↁEvalid ↁEcutoff,880445,1565,TRUE,1446,65,0,6,48,0,0,0,0
duration ↁEaccel ↁElane ↁEmode ↁEcutoff ↁEvalid,880445,1565,TRUE,1446,65,0,6,48,0,0,0,0
duration ↁEaccel ↁElane ↁEcutoff ↁEvalid ↁEmode,880445,1565,TRUE,1446,65,0,6,48,0,0,0,0
duration ↁEaccel ↁElane ↁEcutoff ↁEmode ↁEvalid,880445,1565,TRUE,1446,65,0,6,48,0,0,0,0
duration ↁEaccel ↁEmode ↁEvalid ↁElane ↁEcutoff,880445,1565,TRUE,1446,65,0,6,48,0,0,0,0
duration ↁEaccel ↁEmode ↁEvalid ↁEcutoff ↁElane,880445,1565,TRUE,1446,65,0,6,48,0,0,0,0
duration ↁEaccel ↁEmode ↁElane ↁEvalid ↁEcutoff,880445,1565,TRUE,1446,65,0,6,48,0,0,0,0
duration ↁEaccel ↁEmode ↁElane ↁEcutoff ↁEvalid,880445,1565,TRUE,1446,65,0,6,48,0,0,0,0
duration ↁEaccel ↁEmode ↁEcutoff ↁEvalid ↁElane,880445,1565,TRUE,1446,65,0,6,48,0,0,0,0
duration ↁEaccel ↁEmode ↁEcutoff ↁElane ↁEvalid,880445,1565,TRUE,1446,65,0,6,48,0,0,0,0
duration ↁEaccel ↁEcutoff ↁEvalid ↁElane ↁEmode,880445,1565,TRUE,1446,65,0,6,48,0,0,0,0
duration ↁEaccel ↁEcutoff ↁEvalid ↁEmode ↁElane,880445,1565,TRUE,1446,65,0,6,48,0,0,0,0
duration ↁEaccel ↁEcutoff ↁElane ↁEvalid ↁEmode,880445,1565,TRUE,1446,65,0,6,48,0,0,0,0
duration ↁEaccel ↁEcutoff ↁElane ↁEmode ↁEvalid,880445,1565,TRUE,1446,65,0,6,48,0,0,0,0
duration ↁEaccel ↁEcutoff ↁEmode ↁEvalid ↁElane,880445,1565,TRUE,1446,65,0,6,48,0,0,0,0
duration ↁEaccel ↁEcutoff ↁEmode ↁElane ↁEvalid,880445,1565,TRUE,1446,65,0,6,48,0,0,0,0
duration ↁElane ↁEcutoff ↁEaccel ↁEvalid ↁEmode,881448,1565,TRUE,1446,65,0,6,48,0,0,0,0
duration ↁElane ↁEcutoff ↁEaccel ↁEmode ↁEvalid,881448,1565,TRUE,1446,65,0,6,48,0,0,0,0
duration ↁElane ↁEaccel ↁEvalid ↁEmode ↁEcutoff,880445,1565,TRUE,1446,65,0,6,48,0,0,0,0
duration ↁElane ↁEaccel ↁEvalid ↁEcutoff ↁEmode,880445,1565,TRUE,1446,65,0,6,48,0,0,0,0
duration ↁElane ↁEaccel ↁEmode ↁEvalid ↁEcutoff,880445,1565,TRUE,1446,65,0,6,48,0,0,0,0
duration ↁElane ↁEaccel ↁEmode ↁEcutoff ↁEvalid,880445,1565,TRUE,1446,65,0,6,48,0,0,0,0
duration ↁElane ↁEaccel ↁEcutoff ↁEvalid ↁEmode,880445,1565,TRUE,1446,65,0,6,48,0,0,0,0
duration ↁElane ↁEaccel ↁEcutoff ↁEmode ↁEvalid,880445,1565,TRUE,1446,65,0,6,48,0,0,0,0
duration ↁEmode ↁEvalid ↁElane ↁEcutoff ↁEaccel,881448,1565,TRUE,1446,65,0,6,48,0,0,0,0
duration ↁEmode ↁEvalid ↁElane ↁEaccel ↁEcutoff,880445,1565,TRUE,1446,65,0,6,48,0,0,0,0
duration ↁEmode ↁEvalid ↁEcutoff ↁElane ↁEaccel,881448,1565,TRUE,1446,65,0,6,48,0,0,0,0
duration ↁEmode ↁEvalid ↁEcutoff ↁEaccel ↁElane,881448,1565,TRUE,1446,65,0,6,48,0,0,0,0
duration ↁEmode ↁEvalid ↁEaccel ↁElane ↁEcutoff,880445,1565,TRUE,1446,65,0,6,48,0,0,0,0
duration ↁEmode ↁEvalid ↁEaccel ↁEcutoff ↁElane,880445,1565,TRUE,1446,65,0,6,48,0,0,0,0
duration ↁEmode ↁElane ↁEvalid ↁEcutoff ↁEaccel,881448,1565,TRUE,1446,65,0,6,48,0,0,0,0
duration ↁEmode ↁElane ↁEvalid ↁEaccel ↁEcutoff,880445,1565,TRUE,1446,65,0,6,48,0,0,0,0
duration ↁElane ↁEvalid ↁEmode ↁEcutoff ↁEaccel,881448,1565,TRUE,1446,65,0,6,48,0,0,0,0
duration ↁElane ↁEvalid ↁEmode ↁEaccel ↁEcutoff,880445,1565,TRUE,1446,65,0,6,48,0,0,0,0
duration ↁElane ↁEvalid ↁEcutoff ↁEmode ↁEaccel,881448,1565,TRUE,1446,65,0,6,48,0,0,0,0
duration ↁElane ↁEvalid ↁEcutoff ↁEaccel ↁEmode,881448,1565,TRUE,1446,65,0,6,48,0,0,0,0
duration ↁElane ↁEvalid ↁEaccel ↁEmode ↁEcutoff,880445,1565,TRUE,1446,65,0,6,48,0,0,0,0
duration ↁElane ↁEvalid ↁEaccel ↁEcutoff ↁEmode,880445,1565,TRUE,1446,65,0,6,48,0,0,0,0
duration ↁElane ↁEmode ↁEvalid ↁEcutoff ↁEaccel,881448,1565,TRUE,1446,65,0,6,48,0,0,0,0
duration ↁElane ↁEmode ↁEvalid ↁEaccel ↁEcutoff,880445,1565,TRUE,1446,65,0,6,48,0,0,0,0
duration ↁElane ↁEmode ↁEcutoff ↁEvalid ↁEaccel,881448,1565,TRUE,1446,65,0,6,48,0,0,0,0
duration ↁElane ↁEmode ↁEcutoff ↁEaccel ↁEvalid,881448,1565,TRUE,1446,65,0,6,48,0,0,0,0
duration ↁElane ↁEmode ↁEaccel ↁEvalid ↁEcutoff,880445,1565,TRUE,1446,65,0,6,48,0,0,0,0
duration ↁElane ↁEmode ↁEaccel ↁEcutoff ↁEvalid,880445,1565,TRUE,1446,65,0,6,48,0,0,0,0
duration ↁElane ↁEcutoff ↁEvalid ↁEmode ↁEaccel,881448,1565,TRUE,1446,65,0,6,48,0,0,0,0
duration ↁElane ↁEcutoff ↁEvalid ↁEaccel ↁEmode,881448,1565,TRUE,1446,65,0,6,48,0,0,0,0
duration ↁElane ↁEcutoff ↁEmode ↁEvalid ↁEaccel,881448,1565,TRUE,1446,65,0,6,48,0,0,0,0
duration ↁElane ↁEcutoff ↁEmode ↁEaccel ↁEvalid,881448,1565,TRUE,1446,65,0,6,48,0,0,0,0
valid ↁEduration ↁEaccel ↁEmode ↁElane ↁEcutoff,880445,1565,TRUE,1446,65,0,6,48,0,0,0,0
valid ↁEduration ↁEaccel ↁEmode ↁEcutoff ↁElane,880445,1565,TRUE,1446,65,0,6,48,0,0,0,0
valid ↁEduration ↁEaccel ↁEcutoff ↁElane ↁEmode,880445,1565,TRUE,1446,65,0,6,48,0,0,0,0
valid ↁEduration ↁEaccel ↁEcutoff ↁEmode ↁElane,880445,1565,TRUE,1446,65,0,6,48,0,0,0,0
valid ↁEduration ↁEcutoff ↁEaccel ↁElane ↁEmode,881448,1565,TRUE,1446,65,0,6,48,0,0,0,0
valid ↁEduration ↁEcutoff ↁEaccel ↁEmode ↁElane,881448,1565,TRUE,1446,65,0,6,48,0,0,0,0
valid ↁEduration ↁEaccel ↁElane ↁEmode ↁEcutoff,880445,1565,TRUE,1446,65,0,6,48,0,0,0,0
valid ↁEduration ↁEaccel ↁElane ↁEcutoff ↁEmode,880445,1565,TRUE,1446,65,0,6,48,0,0,0,0
duration ↁEvalid ↁEmode ↁEcutoff ↁElane ↁEaccel,881448,1565,TRUE,1446,65,0,6,48,0,0,0,0
duration ↁEvalid ↁEmode ↁEcutoff ↁEaccel ↁElane,881448,1565,TRUE,1446,65,0,6,48,0,0,0,0
duration ↁEvalid ↁEmode ↁEaccel ↁElane ↁEcutoff,880445,1565,TRUE,1446,65,0,6,48,0,0,0,0
duration ↁEvalid ↁEmode ↁEaccel ↁEcutoff ↁElane,880445,1565,TRUE,1446,65,0,6,48,0,0,0,0
duration ↁEvalid ↁEcutoff ↁElane ↁEmode ↁEaccel,881448,1565,TRUE,1446,65,0,6,48,0,0,0,0
duration ↁEvalid ↁEcutoff ↁElane ↁEaccel ↁEmode,881448,1565,TRUE,1446,65,0,6,48,0,0,0,0
duration ↁEvalid ↁEcutoff ↁEmode ↁElane ↁEaccel,881448,1565,TRUE,1446,65,0,6,48,0,0,0,0
duration ↁEvalid ↁEcutoff ↁEmode ↁEaccel ↁElane,881448,1565,TRUE,1446,65,0,6,48,0,0,0,0
duration ↁEvalid ↁEcutoff ↁEaccel ↁElane ↁEmode,881448,1565,TRUE,1446,65,0,6,48,0,0,0,0
duration ↁEvalid ↁEcutoff ↁEaccel ↁEmode ↁElane,881448,1565,TRUE,1446,65,0,6,48,0,0,0,0
duration ↁEvalid ↁEaccel ↁElane ↁEmode ↁEcutoff,880445,1565,TRUE,1446,65,0,6,48,0,0,0,0
duration ↁEvalid ↁEaccel ↁElane ↁEcutoff ↁEmode,880445,1565,TRUE,1446,65,0,6,48,0,0,0,0
duration ↁEvalid ↁEaccel ↁEmode ↁElane ↁEcutoff,880445,1565,TRUE,1446,65,0,6,48,0,0,0,0
duration ↁEvalid ↁEaccel ↁEmode ↁEcutoff ↁElane,880445,1565,TRUE,1446,65,0,6,48,0,0,0,0
duration ↁEvalid ↁEaccel ↁEcutoff ↁElane ↁEmode,880445,1565,TRUE,1446,65,0,6,48,0,0,0,0
duration ↁEvalid ↁEaccel ↁEcutoff ↁEmode ↁElane,880445,1565,TRUE,1446,65,0,6,48,0,0,0,0
valid ↁEduration ↁElane ↁEcutoff ↁEmode ↁEaccel,881448,1565,TRUE,1446,65,0,6,48,0,0,0,0
valid ↁEduration ↁElane ↁEcutoff ↁEaccel ↁEmode,881448,1565,TRUE,1446,65,0,6,48,0,0,0,0
valid ↁEduration ↁElane ↁEaccel ↁEmode ↁEcutoff,880445,1565,TRUE,1446,65,0,6,48,0,0,0,0
valid ↁEduration ↁElane ↁEaccel ↁEcutoff ↁEmode,880445,1565,TRUE,1446,65,0,6,48,0,0,0,0
valid ↁEduration ↁEmode ↁElane ↁEcutoff ↁEaccel,881448,1565,TRUE,1446,65,0,6,48,0,0,0,0
valid ↁEduration ↁEmode ↁElane ↁEaccel ↁEcutoff,880445,1565,TRUE,1446,65,0,6,48,0,0,0,0
valid ↁEduration ↁEmode ↁEcutoff ↁElane ↁEaccel,881448,1565,TRUE,1446,65,0,6,48,0,0,0,0
valid ↁEduration ↁEmode ↁEcutoff ↁEaccel ↁElane,881448,1565,TRUE,1446,65,0,6,48,0,0,0,0
valid ↁEduration ↁEmode ↁEaccel ↁElane ↁEcutoff,880445,1565,TRUE,1446,65,0,6,48,0,0,0,0
valid ↁEduration ↁEmode ↁEaccel ↁEcutoff ↁElane,880445,1565,TRUE,1446,65,0,6,48,0,0,0,0
valid ↁEduration ↁEcutoff ↁElane ↁEmode ↁEaccel,881448,1565,TRUE,1446,65,0,6,48,0,0,0,0
valid ↁEduration ↁEcutoff ↁElane ↁEaccel ↁEmode,881448,1565,TRUE,1446,65,0,6,48,0,0,0,0
valid ↁEduration ↁEcutoff ↁEmode ↁElane ↁEaccel,881448,1565,TRUE,1446,65,0,6,48,0,0,0,0
valid ↁEduration ↁEcutoff ↁEmode ↁEaccel ↁElane,881448,1565,TRUE,1446,65,0,6,48,0,0,0,0
duration ↁEvalid ↁElane ↁEmode ↁEcutoff ↁEaccel,881448,1565,TRUE,1446,65,0,6,48,0,0,0,0
duration ↁEvalid ↁElane ↁEmode ↁEaccel ↁEcutoff,880445,1565,TRUE,1446,65,0,6,48,0,0,0,0
duration ↁEvalid ↁElane ↁEcutoff ↁEmode ↁEaccel,881448,1565,TRUE,1446,65,0,6,48,0,0,0,0
duration ↁEvalid ↁElane ↁEcutoff ↁEaccel ↁEmode,881448,1565,TRUE,1446,65,0,6,48,0,0,0,0
duration ↁEvalid ↁElane ↁEaccel ↁEmode ↁEcutoff,880445,1565,TRUE,1446,65,0,6,48,0,0,0,0
duration ↁEvalid ↁElane ↁEaccel ↁEcutoff ↁEmode,880445,1565,TRUE,1446,65,0,6,48,0,0,0,0
duration ↁEvalid ↁEmode ↁElane ↁEcutoff ↁEaccel,881448,1565,TRUE,1446,65,0,6,48,0,0,0,0
duration ↁEvalid ↁEmode ↁElane ↁEaccel ↁEcutoff,880445,1565,TRUE,1446,65,0,6,48,0,0,0,0
valid ↁEduration ↁElane ↁEmode ↁEcutoff ↁEaccel,881448,1565,TRUE,1446,65,0,6,48,0,0,0,0
valid ↁEduration ↁElane ↁEmode ↁEaccel ↁEcutoff,880445,1565,TRUE,1446,65,0,6,48,0,0,0,0
mode ↁEduration ↁEcutoff ↁEaccel ↁEvalid ↁElane,881448,1565,TRUE,1446,65,0,6,48,0,0,0,0
mode ↁEduration ↁEcutoff ↁEaccel ↁElane ↁEvalid,881448,1565,TRUE,1446,65,0,6,48,0,0,0,0
mode ↁEduration ↁEaccel ↁEvalid ↁElane ↁEcutoff,880445,1565,TRUE,1446,65,0,6,48,0,0,0,0
mode ↁEduration ↁEaccel ↁEvalid ↁEcutoff ↁElane,880445,1565,TRUE,1446,65,0,6,48,0,0,0,0
mode ↁEduration ↁEaccel ↁElane ↁEvalid ↁEcutoff,880445,1565,TRUE,1446,65,0,6,48,0,0,0,0
mode ↁEduration ↁEaccel ↁElane ↁEcutoff ↁEvalid,880445,1565,TRUE,1446,65,0,6,48,0,0,0,0
mode ↁEduration ↁEaccel ↁEcutoff ↁEvalid ↁElane,880445,1565,TRUE,1446,65,0,6,48,0,0,0,0
mode ↁEduration ↁEaccel ↁEcutoff ↁElane ↁEvalid,880445,1565,TRUE,1446,65,0,6,48,0,0,0,0
mode ↁEduration ↁEvalid ↁElane ↁEcutoff ↁEaccel,881448,1565,TRUE,1446,65,0,6,48,0,0,0,0
lane ↁEmode ↁEvalid ↁEduration ↁEcutoff ↁEaccel,881448,1565,TRUE,1446,65,0,6,48,0,0,0,0
lane ↁEmode ↁEvalid ↁEduration ↁEaccel ↁEcutoff,880445,1565,TRUE,1446,65,0,6,48,0,0,0,0
lane ↁEmode ↁEduration ↁEvalid ↁEcutoff ↁEaccel,881448,1565,TRUE,1446,65,0,6,48,0,0,0,0
valid ↁEmode ↁEduration ↁEcutoff ↁElane ↁEaccel,881448,1565,TRUE,1446,65,0,6,48,0,0,0,0
valid ↁEmode ↁEduration ↁEcutoff ↁEaccel ↁElane,881448,1565,TRUE,1446,65,0,6,48,0,0,0,0
valid ↁEmode ↁEduration ↁEaccel ↁElane ↁEcutoff,880445,1565,TRUE,1446,65,0,6,48,0,0,0,0
mode ↁEduration ↁEvalid ↁElane ↁEaccel ↁEcutoff,880445,1565,TRUE,1446,65,0,6,48,0,0,0,0
mode ↁEduration ↁEvalid ↁEcutoff ↁElane ↁEaccel,881448,1565,TRUE,1446,65,0,6,48,0,0,0,0
mode ↁEduration ↁEvalid ↁEcutoff ↁEaccel ↁElane,881448,1565,TRUE,1446,65,0,6,48,0,0,0,0
mode ↁEduration ↁEvalid ↁEaccel ↁElane ↁEcutoff,880445,1565,TRUE,1446,65,0,6,48,0,0,0,0
mode ↁEduration ↁEvalid ↁEaccel ↁEcutoff ↁElane,880445,1565,TRUE,1446,65,0,6,48,0,0,0,0
mode ↁEduration ↁElane ↁEvalid ↁEcutoff ↁEaccel,881448,1565,TRUE,1446,65,0,6,48,0,0,0,0
mode ↁEduration ↁElane ↁEvalid ↁEaccel ↁEcutoff,880445,1565,TRUE,1446,65,0,6,48,0,0,0,0
mode ↁEduration ↁElane ↁEcutoff ↁEvalid ↁEaccel,881448,1565,TRUE,1446,65,0,6,48,0,0,0,0
mode ↁEduration ↁElane ↁEcutoff ↁEaccel ↁEvalid,881448,1565,TRUE,1446,65,0,6,48,0,0,0,0
mode ↁEduration ↁElane ↁEaccel ↁEvalid ↁEcutoff,880445,1565,TRUE,1446,65,0,6,48,0,0,0,0
mode ↁEduration ↁElane ↁEaccel ↁEcutoff ↁEvalid,880445,1565,TRUE,1446,65,0,6,48,0,0,0,0
mode ↁEduration ↁEcutoff ↁEvalid ↁElane ↁEaccel,881448,1565,TRUE,1446,65,0,6,48,0,0,0,0
mode ↁEduration ↁEcutoff ↁEvalid ↁEaccel ↁElane,881448,1565,TRUE,1446,65,0,6,48,0,0,0,0
mode ↁEduration ↁEcutoff ↁElane ↁEvalid ↁEaccel,881448,1565,TRUE,1446,65,0,6,48,0,0,0,0
mode ↁEduration ↁEcutoff ↁElane ↁEaccel ↁEvalid,881448,1565,TRUE,1446,65,0,6,48,0,0,0,0
mode ↁElane ↁEduration ↁEcutoff ↁEvalid ↁEaccel,881448,1565,TRUE,1446,65,0,6,48,0,0,0,0
mode ↁElane ↁEduration ↁEcutoff ↁEaccel ↁEvalid,881448,1565,TRUE,1446,65,0,6,48,0,0,0,0
mode ↁElane ↁEduration ↁEaccel ↁEvalid ↁEcutoff,880445,1565,TRUE,1446,65,0,6,48,0,0,0,0
mode ↁElane ↁEduration ↁEaccel ↁEcutoff ↁEvalid,880445,1565,TRUE,1446,65,0,6,48,0,0,0,0
mode ↁElane ↁEvalid ↁEduration ↁEcutoff ↁEaccel,881448,1565,TRUE,1446,65,0,6,48,0,0,0,0
mode ↁElane ↁEvalid ↁEduration ↁEaccel ↁEcutoff,880445,1565,TRUE,1446,65,0,6,48,0,0,0,0
mode ↁElane ↁEduration ↁEvalid ↁEcutoff ↁEaccel,881448,1565,TRUE,1446,65,0,6,48,0,0,0,0
mode ↁElane ↁEduration ↁEvalid ↁEaccel ↁEcutoff,880445,1565,TRUE,1446,65,0,6,48,0,0,0,0
mode ↁEvalid ↁEduration ↁEaccel ↁElane ↁEcutoff,880445,1565,TRUE,1446,65,0,6,48,0,0,0,0
mode ↁEvalid ↁEduration ↁEaccel ↁEcutoff ↁElane,880445,1565,TRUE,1446,65,0,6,48,0,0,0,0
lane ↁEvalid ↁEduration ↁEcutoff ↁEmode ↁEaccel,881448,1565,TRUE,1446,65,0,6,48,0,0,0,0
lane ↁEvalid ↁEduration ↁEcutoff ↁEaccel ↁEmode,881448,1565,TRUE,1446,65,0,6,48,0,0,0,0
lane ↁEvalid ↁEduration ↁEaccel ↁEmode ↁEcutoff,880445,1565,TRUE,1446,65,0,6,48,0,0,0,0
valid ↁEmode ↁEduration ↁEaccel ↁEcutoff ↁElane,880445,1565,TRUE,1446,65,0,6,48,0,0,0,0
lane ↁEvalid ↁEduration ↁEaccel ↁEcutoff ↁEmode,880445,1565,TRUE,1446,65,0,6,48,0,0,0,0
lane ↁEvalid ↁEmode ↁEduration ↁEcutoff ↁEaccel,881448,1565,TRUE,1446,65,0,6,48,0,0,0,0
lane ↁEvalid ↁEmode ↁEduration ↁEaccel ↁEcutoff,880445,1565,TRUE,1446,65,0,6,48,0,0,0,0
lane ↁEvalid ↁEduration ↁEmode ↁEcutoff ↁEaccel,881448,1565,TRUE,1446,65,0,6,48,0,0,0,0
lane ↁEvalid ↁEduration ↁEmode ↁEaccel ↁEcutoff,880445,1565,TRUE,1446,65,0,6,48,0,0,0,0
mode ↁEvalid ↁElane ↁEduration ↁEcutoff ↁEaccel,881448,1565,TRUE,1446,65,0,6,48,0,0,0,0
mode ↁEvalid ↁElane ↁEduration ↁEaccel ↁEcutoff,880445,1565,TRUE,1446,65,0,6,48,0,0,0,0
mode ↁEvalid ↁEduration ↁElane ↁEcutoff ↁEaccel,881448,1565,TRUE,1446,65,0,6,48,0,0,0,0
mode ↁEvalid ↁEduration ↁElane ↁEaccel ↁEcutoff,880445,1565,TRUE,1446,65,0,6,48,0,0,0,0
mode ↁEvalid ↁEduration ↁEcutoff ↁElane ↁEaccel,881448,1565,TRUE,1446,65,0,6,48,0,0,0,0
mode ↁEvalid ↁEduration ↁEcutoff ↁEaccel ↁElane,881448,1565,TRUE,1446,65,0,6,48,0,0,0,0
lane ↁEduration ↁEcutoff ↁEmode ↁEaccel ↁEvalid,881448,1565,TRUE,1446,65,0,6,48,0,0,0,0
lane ↁEduration ↁEcutoff ↁEaccel ↁEvalid ↁEmode,881448,1565,TRUE,1446,65,0,6,48,0,0,0,0
lane ↁEduration ↁEcutoff ↁEaccel ↁEmode ↁEvalid,881448,1565,TRUE,1446,65,0,6,48,0,0,0,0
lane ↁEduration ↁEaccel ↁEmode ↁEvalid ↁEcutoff,880445,1565,TRUE,1446,65,0,6,48,0,0,0,0
lane ↁEduration ↁEaccel ↁEvalid ↁEcutoff ↁEmode,880445,1565,TRUE,1446,65,0,6,48,0,0,0,0
valid ↁEmode ↁElane ↁEduration ↁEcutoff ↁEaccel,881448,1565,TRUE,1446,65,0,6,48,0,0,0,0
valid ↁEmode ↁElane ↁEduration ↁEaccel ↁEcutoff,880445,1565,TRUE,1446,65,0,6,48,0,0,0,0
valid ↁEmode ↁEduration ↁElane ↁEcutoff ↁEaccel,881448,1565,TRUE,1446,65,0,6,48,0,0,0,0
valid ↁEmode ↁEduration ↁElane ↁEaccel ↁEcutoff,880445,1565,TRUE,1446,65,0,6,48,0,0,0,0
lane ↁEduration ↁEvalid ↁEcutoff ↁEmode ↁEaccel,881448,1565,TRUE,1446,65,0,6,48,0,0,0,0
lane ↁEduration ↁEvalid ↁEcutoff ↁEaccel ↁEmode,881448,1565,TRUE,1446,65,0,6,48,0,0,0,0
lane ↁEduration ↁEvalid ↁEaccel ↁEmode ↁEcutoff,880445,1565,TRUE,1446,65,0,6,48,0,0,0,0
lane ↁEduration ↁEvalid ↁEaccel ↁEcutoff ↁEmode,880445,1565,TRUE,1446,65,0,6,48,0,0,0,0
lane ↁEduration ↁEmode ↁEvalid ↁEcutoff ↁEaccel,881448,1565,TRUE,1446,65,0,6,48,0,0,0,0
lane ↁEduration ↁEmode ↁEvalid ↁEaccel ↁEcutoff,880445,1565,TRUE,1446,65,0,6,48,0,0,0,0
duration ↁEmode ↁEcutoff ↁEaccel ↁElane ↁEvalid,881448,1565,TRUE,1446,65,0,6,48,0,0,0,0
duration ↁEmode ↁEaccel ↁEvalid ↁElane ↁEcutoff,880445,1565,TRUE,1446,65,0,6,48,0,0,0,0
duration ↁEmode ↁEaccel ↁEvalid ↁEcutoff ↁElane,880445,1565,TRUE,1446,65,0,6,48,0,0,0,0
duration ↁEmode ↁEaccel ↁElane ↁEvalid ↁEcutoff,880445,1565,TRUE,1446,65,0,6,48,0,0,0,0
lane ↁEduration ↁEaccel ↁEcutoff ↁEmode ↁEvalid,880445,1565,TRUE,1446,65,0,6,48,0,0,0,0
lane ↁEduration ↁEvalid ↁEmode ↁEcutoff ↁEaccel,881448,1565,TRUE,1446,65,0,6,48,0,0,0,0
lane ↁEduration ↁEvalid ↁEmode ↁEaccel ↁEcutoff,880445,1565,TRUE,1446,65,0,6,48,0,0,0,0
valid ↁElane ↁEduration ↁEaccel ↁEmode ↁEcutoff,880445,1565,TRUE,1446,65,0,6,48,0,0,0,0
valid ↁElane ↁEduration ↁEaccel ↁEcutoff ↁEmode,880445,1565,TRUE,1446,65,0,6,48,0,0,0,0
lane ↁEduration ↁEaccel ↁEvalid ↁEmode ↁEcutoff,880445,1565,TRUE,1446,65,0,6,48,0,0,0,0
valid ↁElane ↁEduration ↁEmode ↁEaccel ↁEcutoff,880445,1565,TRUE,1446,65,0,6,48,0,0,0,0
valid ↁElane ↁEduration ↁEmode ↁEcutoff ↁEaccel,881448,1565,TRUE,1446,65,0,6,48,0,0,0,0
valid ↁElane ↁEaccel ↁEmode ↁEduration ↁEcutoff,884763,1572,TRUE,1452,66,0,6,48,0,0,0,0
lane ↁEmode ↁEaccel ↁEduration ↁEcutoff ↁEvalid,884763,1572,TRUE,1452,66,0,6,48,0,0,0,0
lane ↁEmode ↁEaccel ↁEduration ↁEvalid ↁEcutoff,884763,1572,TRUE,1452,66,0,6,48,0,0,0,0
lane ↁEmode ↁEaccel ↁEvalid ↁEduration ↁEcutoff,884763,1572,TRUE,1452,66,0,6,48,0,0,0,0
valid ↁEmode ↁElane ↁEaccel ↁEduration ↁEcutoff,884763,1572,TRUE,1452,66,0,6,48,0,0,0,0
mode ↁEvalid ↁElane ↁEaccel ↁEduration ↁEcutoff,884763,1572,TRUE,1452,66,0,6,48,0,0,0,0
lane ↁEvalid ↁEmode ↁEaccel ↁEduration ↁEcutoff,884763,1572,TRUE,1452,66,0,6,48,0,0,0,0
accel ↁEvalid ↁEmode ↁEduration ↁEcutoff ↁElane,884763,1572,TRUE,1452,66,0,6,48,0,0,0,0
accel ↁEvalid ↁEmode ↁEduration ↁElane ↁEcutoff,884763,1572,TRUE,1452,66,0,6,48,0,0,0,0
accel ↁElane ↁEmode ↁEduration ↁEcutoff ↁEvalid,884763,1572,TRUE,1452,66,0,6,48,0,0,0,0
accel ↁElane ↁEmode ↁEduration ↁEvalid ↁEcutoff,884763,1572,TRUE,1452,66,0,6,48,0,0,0,0
lane ↁEaccel ↁEvalid ↁEmode ↁEduration ↁEcutoff,884763,1572,TRUE,1452,66,0,6,48,0,0,0,0
lane ↁEvalid ↁEaccel ↁEmode ↁEduration ↁEcutoff,884763,1572,TRUE,1452,66,0,6,48,0,0,0,0
accel ↁElane ↁEmode ↁEvalid ↁEduration ↁEcutoff,884763,1572,TRUE,1452,66,0,6,48,0,0,0,0
accel ↁElane ↁEvalid ↁEmode ↁEduration ↁEcutoff,884763,1572,TRUE,1452,66,0,6,48,0,0,0,0
valid ↁEmode ↁEaccel ↁEduration ↁEcutoff ↁElane,884763,1572,TRUE,1452,66,0,6,48,0,0,0,0
valid ↁEmode ↁEaccel ↁEduration ↁElane ↁEcutoff,884763,1572,TRUE,1452,66,0,6,48,0,0,0,0
valid ↁEmode ↁEaccel ↁElane ↁEduration ↁEcutoff,884763,1572,TRUE,1452,66,0,6,48,0,0,0,0
lane ↁEaccel ↁEmode ↁEduration ↁEcutoff ↁEvalid,884763,1572,TRUE,1452,66,0,6,48,0,0,0,0
lane ↁEaccel ↁEmode ↁEduration ↁEvalid ↁEcutoff,884763,1572,TRUE,1452,66,0,6,48,0,0,0,0
mode ↁElane ↁEvalid ↁEaccel ↁEduration ↁEcutoff,884763,1572,TRUE,1452,66,0,6,48,0,0,0,0
mode ↁEvalid ↁEaccel ↁEduration ↁEcutoff ↁElane,884763,1572,TRUE,1452,66,0,6,48,0,0,0,0
mode ↁEvalid ↁEaccel ↁEduration ↁElane ↁEcutoff,884763,1572,TRUE,1452,66,0,6,48,0,0,0,0
mode ↁEvalid ↁEaccel ↁElane ↁEduration ↁEcutoff,884763,1572,TRUE,1452,66,0,6,48,0,0,0,0
accel ↁEvalid ↁEmode ↁElane ↁEduration ↁEcutoff,884763,1572,TRUE,1452,66,0,6,48,0,0,0,0
accel ↁEvalid ↁElane ↁEmode ↁEduration ↁEcutoff,884763,1572,TRUE,1452,66,0,6,48,0,0,0,0
mode ↁElane ↁEaccel ↁEduration ↁEcutoff ↁEvalid,884763,1572,TRUE,1452,66,0,6,48,0,0,0,0
mode ↁElane ↁEaccel ↁEduration ↁEvalid ↁEcutoff,884763,1572,TRUE,1452,66,0,6,48,0,0,0,0
mode ↁElane ↁEaccel ↁEvalid ↁEduration ↁEcutoff,884763,1572,TRUE,1452,66,0,6,48,0,0,0,0
accel ↁEmode ↁEduration ↁEvalid ↁEcutoff ↁElane,884763,1572,TRUE,1452,66,0,6,48,0,0,0,0
accel ↁEmode ↁEduration ↁEvalid ↁElane ↁEcutoff,884763,1572,TRUE,1452,66,0,6,48,0,0,0,0
accel ↁEmode ↁElane ↁEduration ↁEcutoff ↁEvalid,884763,1572,TRUE,1452,66,0,6,48,0,0,0,0
accel ↁEmode ↁElane ↁEduration ↁEvalid ↁEcutoff,884763,1572,TRUE,1452,66,0,6,48,0,0,0,0
accel ↁEmode ↁElane ↁEvalid ↁEduration ↁEcutoff,884763,1572,TRUE,1452,66,0,6,48,0,0,0,0
accel ↁEmode ↁEvalid ↁEduration ↁEcutoff ↁElane,884763,1572,TRUE,1452,66,0,6,48,0,0,0,0
accel ↁEmode ↁEvalid ↁEduration ↁElane ↁEcutoff,884763,1572,TRUE,1452,66,0,6,48,0,0,0,0
accel ↁEmode ↁEvalid ↁElane ↁEduration ↁEcutoff,884763,1572,TRUE,1452,66,0,6,48,0,0,0,0
lane ↁEmode ↁEvalid ↁEaccel ↁEduration ↁEcutoff,884763,1572,TRUE,1452,66,0,6,48,0,0,0,0
lane ↁEaccel ↁEmode ↁEvalid ↁEduration ↁEcutoff,884763,1572,TRUE,1452,66,0,6,48,0,0,0,0
valid ↁEaccel ↁEmode ↁEduration ↁEcutoff ↁElane,884763,1572,TRUE,1452,66,0,6,48,0,0,0,0
valid ↁEaccel ↁEmode ↁEduration ↁElane ↁEcutoff,884763,1572,TRUE,1452,66,0,6,48,0,0,0,0
valid ↁEaccel ↁEmode ↁElane ↁEduration ↁEcutoff,884763,1572,TRUE,1452,66,0,6,48,0,0,0,0
valid ↁEaccel ↁElane ↁEmode ↁEduration ↁEcutoff,884763,1572,TRUE,1452,66,0,6,48,0,0,0,0
mode ↁEaccel ↁEduration ↁElane ↁEcutoff ↁEvalid,884763,1572,TRUE,1452,66,0,6,48,0,0,0,0
mode ↁEaccel ↁEduration ↁElane ↁEvalid ↁEcutoff,884763,1572,TRUE,1452,66,0,6,48,0,0,0,0
mode ↁEaccel ↁEduration ↁEvalid ↁEcutoff ↁElane,884763,1572,TRUE,1452,66,0,6,48,0,0,0,0
mode ↁEaccel ↁEduration ↁEvalid ↁElane ↁEcutoff,884763,1572,TRUE,1452,66,0,6,48,0,0,0,0
mode ↁEaccel ↁElane ↁEduration ↁEcutoff ↁEvalid,884763,1572,TRUE,1452,66,0,6,48,0,0,0,0
mode ↁEaccel ↁElane ↁEduration ↁEvalid ↁEcutoff,884763,1572,TRUE,1452,66,0,6,48,0,0,0,0
mode ↁEaccel ↁElane ↁEvalid ↁEduration ↁEcutoff,884763,1572,TRUE,1452,66,0,6,48,0,0,0,0
mode ↁEaccel ↁEvalid ↁEduration ↁEcutoff ↁElane,884763,1572,TRUE,1452,66,0,6,48,0,0,0,0
mode ↁEaccel ↁEvalid ↁEduration ↁElane ↁEcutoff,884763,1572,TRUE,1452,66,0,6,48,0,0,0,0
mode ↁEaccel ↁEvalid ↁElane ↁEduration ↁEcutoff,884763,1572,TRUE,1452,66,0,6,48,0,0,0,0
mode ↁEaccel ↁEduration ↁEcutoff ↁElane ↁEvalid,884763,1572,TRUE,1452,66,0,6,48,0,0,0,0
mode ↁEaccel ↁEduration ↁEcutoff ↁEvalid ↁElane,884763,1572,TRUE,1452,66,0,6,48,0,0,0,0
accel ↁEmode ↁEduration ↁEcutoff ↁElane ↁEvalid,884763,1572,TRUE,1452,66,0,6,48,0,0,0,0
accel ↁEmode ↁEduration ↁEcutoff ↁEvalid ↁElane,884763,1572,TRUE,1452,66,0,6,48,0,0,0,0
accel ↁEmode ↁEduration ↁElane ↁEcutoff ↁEvalid,884763,1572,TRUE,1452,66,0,6,48,0,0,0,0
accel ↁEmode ↁEduration ↁElane ↁEvalid ↁEcutoff,884763,1572,TRUE,1452,66,0,6,48,0,0,0,0
valid ↁElane ↁEmode ↁEaccel ↁEduration ↁEcutoff,884763,1572,TRUE,1452,66,0,6,48,0,0,0,0
